1502419800,9.011e-05,9.010000000000001e-05,9.010000000000001e-05,9.011e-05,0.01454983,161.47315484,9.010000000000001e-05
1502420100,9.065000000000001e-05,9e-05,9.065000000000001e-05,9.063000000000002e-05,0.07482632,831.21508076,9.002000000000001e-05
1502420400,9.070000000000001e-05,9.070000000000001e-05,9.070000000000001e-05,9.070000000000001e-05,0.00810457,89.35583907,9.070000000000001e-05
1502420700,9.074e-05,9.074e-05,9.074e-05,9.074e-05,0.00099933,11.013216,9.074e-05
1502421000,9.095000000000002e-05,9.095000000000002e-05,9.095000000000002e-05,9.095000000000002e-05,0.0,0.0,9.095000000000002e-05
1502421300,9.089e-05,9.089e-05,9.089e-05,9.089e-05,0.00012889,1.4181796,9.089e-05
1502421600,9.088e-05,9.088e-05,9.088e-05,9.088e-05,0.00864721,95.149784,9.088e-05
1502421900,9.095000000000002e-05,9.088e-05,9.089e-05,9.089e-05,0.08208349999999999,903.13375048,9.088e-05
1502422200,9.104e-05,9.081e-05,9.09e-05,9.1e-05,0.10815684,1189.34064637,9.093000000000001e-05
1502422500,9.089e-05,9.088e-05,9.088e-05,9.089e-05,0.01078771,118.69079367,9.088e-05
1502422800,9.055e-05,9.055e-05,9.055e-05,9.055e-05,0.005110000000000001,56.43291045,9.055e-05
1502423100,9.055e-05,9.001e-05,9.001e-05,9.001e-05,0.06307868,697.60369545,9.042e-05
1502423400,9.098000000000001e-05,9e-05,9.001e-05,9.005000000000002e-05,0.21280223,2357.13825802,9.027e-05
1502423700,9.092000000000002e-05,9e-05,9.092000000000002e-05,9.001e-05,0.14778986,1641.60124654,9.002000000000001e-05
1502424000,9.115e-05,9e-05,9e-05,9.11e-05,0.25107162,2781.7641484,9.025000000000001e-05
1502424300,9.11e-05,9.11e-05,9.11e-05,9.11e-05,0.0,0.0,9.11e-05
1502424600,9.11e-05,9.11e-05,9.11e-05,9.11e-05,0.0,0.0,9.11e-05
1502424900,9.104e-05,9.104e-05,9.104e-05,9.104e-05,0.00099989,10.982976,9.104e-05
1502425200,9.087e-05,8.991e-05,9.087e-05,8.991e-05,0.1154123,1282.17773899,9.001e-05
1502425500,9.049e-05,8.968000000000001e-05,9.048e-05,9.045e-05,0.11881127,1317.29903761,9.019e-05
1502425800,8.969e-05,8.968000000000001e-05,8.969e-05,8.969e-05,0.05497162,612.945,8.968000000000001e-05
1502426100,8.969e-05,8.962e-05,8.969e-05,8.963e-05,0.26942941,3005.63132009,8.964000000000002e-05
1502426400,9.034000000000002e-05,8.910000000000001e-05,8.963e-05,9.015000000000001e-05,0.61836191,6862.60689336,9.010000000000001e-05
1502426700,9.015000000000001e-05,9.015000000000001e-05,9.015000000000001e-05,9.015000000000001e-05,0.0,0.0,9.015000000000001e-05
1502427000,9.047000000000002e-05,9.016e-05,9.017e-05,9.016e-05,0.17346084,1918.09379795,9.043e-05
1502427300,9.039000000000001e-05,8.900000000000001e-05,9.016e-05,9e-05,0.26075202000000003,2914.95512736,8.945e-05
1502427600,9e-05,9e-05,9e-05,9e-05,0.0,0.0,9e-05
1502427900,8.961e-05,8.952000000000001e-05,8.952000000000001e-05,8.961e-05,0.18307469999999998,2043.02821326,8.960000000000001e-05
1502428200,9.04e-05,9e-05,9e-05,9.04e-05,1.23228925,13685.65831344,9.004e-05
1502428500,9.039000000000001e-05,9.028000000000001e-05,9.028000000000001e-05,9.038000000000001e-05,0.02433846,269.55290098,9.029e-05
1502428800,9.038000000000001e-05,9.038000000000001e-05,9.038000000000001e-05,9.038000000000001e-05,0.39817655,4405.58261344,9.038000000000001e-05
1502429100,9.038000000000001e-05,9.038000000000001e-05,9.038000000000001e-05,9.038000000000001e-05,0.12124447000000001,1341.496725,9.038000000000001e-05
1502429400,9.038000000000001e-05,9.038000000000001e-05,9.038000000000001e-05,9.038000000000001e-05,0.11830341,1308.95571242,9.038000000000001e-05
1502429700,9.038000000000001e-05,9.038000000000001e-05,9.038000000000001e-05,9.038000000000001e-05,1.34725265,14906.53529048,9.038000000000001e-05
1502430000,9.039000000000001e-05,9.039000000000001e-05,9.039000000000001e-05,9.039000000000001e-05,0.0009038999999999999,10.0,9.039000000000001e-05
1502430300,9.039000000000001e-05,9.039000000000001e-05,9.039000000000001e-05,9.039000000000001e-05,0.0,0.0,9.039000000000001e-05
1502430600,9.039000000000001e-05,9.038000000000001e-05,9.038000000000001e-05,9.039000000000001e-05,0.13775359,1524.15988024,9.038000000000001e-05
1502430900,9.038000000000001e-05,9.038000000000001e-05,9.038000000000001e-05,9.038000000000001e-05,0.051698640000000004,572.014223,9.038000000000001e-05
1502431200,9.038000000000001e-05,9.038000000000001e-05,9.038000000000001e-05,9.038000000000001e-05,0.5628974,6228.11906834,9.038000000000001e-05
1502431500,9.038000000000001e-05,9.028000000000001e-05,9.038000000000001e-05,9.028000000000001e-05,0.73049358,8082.62874784,9.037000000000002e-05
1502431800,9.028000000000001e-05,8.973000000000001e-05,9.028000000000001e-05,8.973000000000001e-05,0.07644688,849.75895464,8.996000000000001e-05
1502432100,8.977000000000002e-05,8.900000000000001e-05,8.973000000000001e-05,8.900000000000001e-05,1.39091251,15585.57542287,8.924e-05
1502432400,8.907000000000001e-05,8.903e-05,8.907000000000001e-05,8.903e-05,0.03744579,420.42739141,8.906000000000002e-05
1502432700,8.908000000000001e-05,8.750000000000001e-05,8.905e-05,8.811000000000001e-05,1.2974062800000001,14665.07627987,8.846e-05
1502433000,8.87e-05,8.702e-05,8.87e-05,8.747e-05,0.59560377,6810.96574826,8.744e-05
1502433300,8.800000000000001e-05,8.734e-05,8.800000000000001e-05,8.735e-05,0.21456036,2453.5010178,8.745e-05
1502433600,8.854e-05,8.800000000000001e-05,8.800000000000001e-05,8.800000000000001e-05,0.2399489,2725.41716537,8.804e-05
1502433900,8.821999999999999e-05,8.821999999999999e-05,8.821999999999999e-05,8.821999999999999e-05,0.0038147100000000002,43.24098843,8.821999999999999e-05
1502434200,8.800000000000001e-05,8.737000000000001e-05,8.800000000000001e-05,8.738000000000001e-05,0.02939748,334.58147488,8.786e-05
1502434500,8.829000000000001e-05,8.738000000000001e-05,8.738000000000001e-05,8.829000000000001e-05,0.03281824,375.3448268,8.743000000000001e-05
1502434800,8.831e-05,8.76e-05,8.831e-05,8.77e-05,0.0465499,529.30980309,8.794000000000002e-05
1502435100,8.821999999999999e-05,8.818e-05,8.821999999999999e-05,8.820000000000002e-05,0.02654807,300.99841469,8.820000000000002e-05
1502435400,8.825e-05,8.645e-05,8.821000000000001e-05,8.645e-05,1.01161958,11600.67008922,8.720000000000002e-05
1502435700,8.785000000000001e-05,8.607e-05,8.676e-05,8.785000000000001e-05,1.32218082,15243.65258748,8.673e-05
1502436000,8.786e-05,8.618e-05,8.784000000000001e-05,8.774000000000001e-05,0.46074233000000003,5245.65060369,8.783e-05
1502436300,8.663000000000002e-05,8.611000000000001e-05,8.663000000000002e-05,8.611000000000001e-05,0.60484573,6986.97018368,8.656000000000001e-05
1502436600,8.702e-05,8.565000000000001e-05,8.612000000000001e-05,8.683000000000001e-05,0.94128303,10956.58256955,8.591e-05
1502436900,8.705e-05,8.634000000000002e-05,8.635e-05,8.705e-05,0.0505947,585.0159307,8.648e-05
1502437200,8.694000000000002e-05,8.691000000000002e-05,8.694000000000002e-05,8.691000000000002e-05,0.01899819,218.56480138,8.692000000000001e-05
1502437500,8.689e-05,8.564000000000001e-05,8.689e-05,8.565000000000001e-05,1.01526849,11828.0180157,8.583000000000001e-05
1502437800,8.571e-05,8.565000000000001e-05,8.566000000000002e-05,8.571e-05,0.65236826,7613.98011184,8.568e-05
1502438100,8.618e-05,8.565000000000001e-05,8.565000000000001e-05,8.565000000000001e-05,0.59337923,6927.71906793,8.565000000000001e-05
1502438400,8.641000000000001e-05,8.565000000000001e-05,8.641000000000001e-05,8.567000000000001e-05,0.01825235,212.76900042,8.578e-05
1502438700,8.567000000000001e-05,8.567000000000001e-05,8.567000000000001e-05,8.567000000000001e-05,0.0,0.0,8.567000000000001e-05
1502439000,8.567000000000001e-05,8.564000000000001e-05,8.567000000000001e-05,8.564000000000001e-05,1.36178543,15901.18554872,8.564000000000001e-05
1502439300,8.596000000000001e-05,8.565000000000001e-05,8.565000000000001e-05,8.596000000000001e-05,0.0091449,106.74906609,8.566000000000002e-05
1502439600,8.627000000000001e-05,8.626e-05,8.626e-05,8.626e-05,0.1531408,1775.21446788,8.626e-05
1502439900,8.581000000000001e-05,8.564000000000001e-05,8.581000000000001e-05,8.564000000000001e-05,0.10271775,1197.42024441,8.578e-05
1502440200,8.564000000000001e-05,8.564000000000001e-05,8.564000000000001e-05,8.564000000000001e-05,0.0,0.0,8.564000000000001e-05
1502440500,8.659000000000001e-05,8.580000000000001e-05,8.580000000000001e-05,8.580000000000001e-05,0.10240832,1190.5260972,8.601e-05
1502440800,8.581000000000001e-05,8.566000000000002e-05,8.581000000000001e-05,8.566000000000002e-05,0.20390556,2377.07495202,8.578e-05
1502441100,8.580000000000001e-05,8.564000000000001e-05,8.580000000000001e-05,8.580000000000001e-05,0.20242167,2363.37345744,8.564000000000001e-05
1502441400,8.580000000000001e-05,8.564000000000001e-05,8.564000000000001e-05,8.566000000000002e-05,0.14047943000000002,1640.22462684,8.564000000000001e-05
1502441700,8.655e-05,8.655e-05,8.655e-05,8.655e-05,0.01000346,115.58024263,8.655e-05
1502442000,8.645e-05,8.644e-05,8.645e-05,8.644e-05,0.00224083,25.92311833,8.644e-05
1502442300,8.680000000000001e-05,8.640000000000001e-05,8.661e-05,8.640000000000001e-05,0.21209974,2445.02179752,8.674e-05
1502442600,8.713e-05,8.675000000000001e-05,8.680000000000001e-05,8.709000000000001e-05,0.02698203,310.35388576,8.693000000000001e-05
1502442900,8.720000000000002e-05,8.676e-05,8.709000000000001e-05,8.676e-05,0.50827513,5833.50257607,8.713e-05
1502443200,8.845000000000001e-05,8.640000000000001e-05,8.745e-05,8.814e-05,1.04128832,11853.31453934,8.784000000000001e-05
1502443500,8.821999999999999e-05,8.768000000000001e-05,8.808000000000001e-05,8.769000000000001e-05,0.04429218,503.88631916,8.79e-05
1502443800,8.819000000000002e-05,8.643000000000001e-05,8.819000000000002e-05,8.767e-05,0.06361019,725.56185332,8.767e-05
1502444100,8.819000000000002e-05,8.640000000000001e-05,8.642e-05,8.640000000000001e-05,0.29914186,3441.68837815,8.691000000000002e-05
1502444400,8.640000000000001e-05,8.635999999999999e-05,8.640000000000001e-05,8.640000000000001e-05,0.056261280000000004,651.19536606,8.639e-05
1502444700,8.909000000000002e-05,8.613e-05,8.633e-05,8.909000000000002e-05,1.92781097,21936.05480959,8.788e-05
1502445000,8.824000000000001e-05,8.821000000000001e-05,8.821000000000001e-05,8.824000000000001e-05,0.00112104,12.70720738,8.821999999999999e-05
1502445300,8.843e-05,8.838e-05,8.838e-05,8.843e-05,0.06134212,694.05147187,8.838e-05
1502445600,8.923000000000001e-05,8.893000000000002e-05,8.893000000000002e-05,8.922000000000002e-05,0.31254014,3507.10705903,8.911e-05
1502445900,8.923000000000001e-05,8.922000000000002e-05,8.922000000000002e-05,8.922000000000002e-05,0.03615,405.16566357,8.922000000000002e-05
1502446200,8.923000000000001e-05,8.922000000000002e-05,8.923000000000001e-05,8.922000000000002e-05,0.20556074,2303.74669925,8.922000000000002e-05
1502446500,8.943e-05,8.922000000000002e-05,8.922000000000002e-05,8.943e-05,0.45184143,5059.20472033,8.931000000000001e-05
1502446800,8.923000000000001e-05,8.923000000000001e-05,8.923000000000001e-05,8.923000000000001e-05,0.01220651,136.79828472,8.923000000000001e-05
1502447100,8.943e-05,8.942000000000001e-05,8.942000000000001e-05,8.943e-05,0.16631352,1859.83533235,8.942000000000001e-05
1502447400,8.943e-05,8.924e-05,8.942000000000001e-05,8.924e-05,0.47466131,5316.77032671,8.927e-05
1502447700,8.923000000000001e-05,8.923000000000001e-05,8.923000000000001e-05,8.923000000000001e-05,0.00017209000000000001,1.9286837000000001,8.923000000000001e-05
1502448000,8.95e-05,8.834e-05,8.925000000000001e-05,8.834e-05,0.24519909999999998,2752.65801949,8.907000000000001e-05
1502448300,8.844e-05,8.649000000000002e-05,8.824000000000001e-05,8.649000000000002e-05,0.27533318,3163.03272687,8.704000000000001e-05
1502448600,8.813000000000001e-05,8.7e-05,8.79e-05,8.7e-05,0.78711469,8992.10738989,8.753000000000001e-05
1502448900,8.94e-05,8.819000000000002e-05,8.819000000000002e-05,8.94e-05,0.13335685,1500.0,8.890000000000002e-05
1502449200,8.855000000000001e-05,8.855000000000001e-05,8.855000000000001e-05,8.855000000000001e-05,0.00575002,64.93540372,8.855000000000001e-05
1502449500,8.858000000000001e-05,8.778000000000002e-05,8.858000000000001e-05,8.858000000000001e-05,0.07081618,799.72562493,8.855000000000001e-05
1502449800,8.858000000000001e-05,8.779000000000001e-05,8.858000000000001e-05,8.779000000000001e-05,0.09798055,1107.79179947,8.844e-05
1502450100,8.78e-05,8.723000000000002e-05,8.78e-05,8.723000000000002e-05,0.044569080000000004,509.43443503,8.748e-05
1502450400,8.726e-05,8.717000000000001e-05,8.726e-05,8.717000000000001e-05,0.36157243,4147.8305356,8.717000000000001e-05
1502450700,8.767e-05,8.717000000000001e-05,8.717000000000001e-05,8.725e-05,0.89013771,10207.69183436,8.720000000000002e-05
1502451000,8.727000000000001e-05,8.717000000000001e-05,8.722000000000001e-05,8.717000000000001e-05,0.28861068,3310.43447135,8.718e-05
1502451300,8.717000000000001e-05,8.717000000000001e-05,8.717000000000001e-05,8.717000000000001e-05,0.01177007,135.0243203,8.717000000000001e-05
1502451600,8.716e-05,8.7e-05,8.716e-05,8.716e-05,0.01615107,185.588369,8.702e-05
1502451900,8.716e-05,8.603e-05,8.716e-05,8.709000000000001e-05,0.23577769999999998,2722.36626428,8.66e-05
1502452200,8.669000000000001e-05,8.550000000000002e-05,8.632e-05,8.551000000000001e-05,1.20530047,14045.36207158,8.581000000000001e-05
1502452500,8.649000000000002e-05,8.45e-05,8.649000000000002e-05,8.501e-05,1.0738254,12547.96574526,8.557000000000001e-05
1502452800,8.548e-05,8.502000000000001e-05,8.548e-05,8.502000000000001e-05,0.03446076,403.3414347,8.543e-05
1502453100,8.502000000000001e-05,8.464000000000002e-05,8.502000000000001e-05,8.464000000000002e-05,0.01254364,148.05324108,8.472e-05
1502453400,8.457000000000001e-05,8.363e-05,8.45e-05,8.400000000000001e-05,1.7925198,21336.94828516,8.401e-05
1502453700,8.501e-05,8.364000000000002e-05,8.402e-05,8.44e-05,0.03537593,420.23228765,8.418e-05
1502454000,8.438000000000002e-05,8.349000000000002e-05,8.405e-05,8.400000000000001e-05,0.60092515,7191.5950166,8.355000000000001e-05
1502454300,8.400000000000001e-05,8.36e-05,8.400000000000001e-05,8.36e-05,0.006003,71.75839268,8.365000000000001e-05
1502454600,8.5e-05,8.250000000000001e-05,8.36e-05,8.480000000000001e-05,2.97320267,35635.36700469,8.343e-05
1502454900,8.480000000000001e-05,8.264e-05,8.480000000000001e-05,8.264e-05,1.11149184,13427.96077465,8.277e-05
1502455200,8.317e-05,8.250000000000001e-05,8.317e-05,8.271000000000001e-05,0.33866764,4095.27564079,8.269000000000001e-05
1502455500,8.261e-05,8.202e-05,8.26e-05,8.223000000000002e-05,0.5218703100000001,6344.2476581,8.225000000000001e-05
1502455800,8.223000000000002e-05,8.204000000000001e-05,8.223000000000002e-05,8.205e-05,0.37948972000000003,4625.07389601,8.205e-05
1502456100,8.348000000000002e-05,8.250000000000001e-05,8.256000000000001e-05,8.263e-05,0.31684087,3836.86225338,8.257e-05
1502456400,8.375e-05,8.344e-05,8.344e-05,8.373e-05,0.86765267,10382.40431713,8.356e-05
1502456700,8.354e-05,8.35e-05,8.352000000000001e-05,8.354e-05,0.06250904,748.42860522,8.352000000000001e-05
1502457000,8.376e-05,8.352000000000001e-05,8.376e-05,8.352000000000001e-05,0.56054827,6711.26813801,8.352000000000001e-05
1502457300,8.352000000000001e-05,8.352000000000001e-05,8.352000000000001e-05,8.352000000000001e-05,0.05272143,631.24322716,8.352000000000001e-05
1502457600,8.391e-05,8.352000000000001e-05,8.387000000000001e-05,8.391e-05,0.04366343,522.66988137,8.353000000000001e-05
1502457900,8.396000000000002e-05,8.353000000000001e-05,8.396000000000002e-05,8.353000000000001e-05,0.09631658,1150.0,8.375e-05
1502458200,8.355000000000001e-05,8.353000000000001e-05,8.353000000000001e-05,8.355000000000001e-05,0.08530405,1021.12728071,8.353000000000001e-05
1502458500,8.396000000000002e-05,8.359e-05,8.359e-05,8.396000000000002e-05,0.02803605,335.19506854,8.364000000000002e-05
1502458800,8.436000000000001e-05,8.404e-05,8.404e-05,8.436000000000001e-05,0.01495977,177.75569198,8.415e-05
1502459100,8.467000000000001e-05,8.435000000000002e-05,8.436000000000001e-05,8.460000000000001e-05,0.35571443,4206.03418206,8.457000000000001e-05
1502459400,8.460000000000001e-05,8.460000000000001e-05,8.460000000000001e-05,8.460000000000001e-05,0.0,0.0,8.460000000000001e-05
1502459700,8.438000000000002e-05,8.396000000000002e-05,8.438000000000002e-05,8.396000000000002e-05,0.01003324,119.0,8.431e-05
1502460000,8.411e-05,8.361000000000001e-05,8.396000000000002e-05,8.411e-05,0.39882449000000003,4763.96374993,8.371000000000001e-05
1502460300,8.439000000000001e-05,8.432e-05,8.432e-05,8.439000000000001e-05,0.41492409999999996,4920.82,8.432e-05
1502460600,8.411e-05,8.353000000000001e-05,8.411e-05,8.353000000000001e-05,0.66196276,7872.00668016,8.409000000000002e-05
1502460900,8.432e-05,8.352000000000001e-05,8.385e-05,8.432e-05,0.46254768,5530.51553247,8.363e-05
1502461200,8.354e-05,8.251000000000001e-05,8.354e-05,8.259000000000001e-05,0.5801761,6969.5788721,8.324000000000001e-05
1502461500,8.427e-05,8.253000000000001e-05,8.259000000000001e-05,8.427e-05,0.10542359999999999,1271.73914453,8.289e-05
1502461800,8.424e-05,8.314000000000001e-05,8.424e-05,8.314000000000001e-05,0.00048086,5.7665328,8.338e-05
1502462100,8.400000000000001e-05,8.399000000000001e-05,8.400000000000001e-05,8.400000000000001e-05,0.17307501,2060.431125,8.399000000000001e-05
1502462400,8.383e-05,8.383e-05,8.383e-05,8.383e-05,0.00029989999999999997,3.5775101300000003,8.383e-05
1502462700,8.426000000000001e-05,8.250000000000001e-05,8.400000000000001e-05,8.253000000000001e-05,0.38291342,4611.83376999,8.302e-05
1502463000,8.403000000000001e-05,8.402e-05,8.402e-05,8.403000000000001e-05,0.0699629,832.59947497,8.402e-05
1502463300,8.321e-05,8.321e-05,8.321e-05,8.321e-05,0.01412279,169.72467252,8.321e-05
1502463600,8.318e-05,8.318e-05,8.318e-05,8.318e-05,0.01,120.22120703,8.318e-05
1502463900,8.312e-05,8.250000000000001e-05,8.312e-05,8.309e-05,0.10836836,1311.53613147,8.262e-05
1502464200,8.308000000000001e-05,8.307000000000002e-05,8.308000000000001e-05,8.307000000000002e-05,0.00765956,92.19533639,8.307000000000002e-05
1502464500,8.250000000000001e-05,8.202e-05,8.250000000000001e-05,8.202e-05,0.36377301,4417.67211041,8.234e-05
1502464800,8.214000000000001e-05,8.201000000000001e-05,8.214000000000001e-05,8.201000000000001e-05,0.56278044,6860.96178719,8.202e-05
1502465100,8.302e-05,8.213e-05,8.213e-05,8.302e-05,0.1419935,1726.28131989,8.225000000000001e-05
1502465400,8.298000000000001e-05,8.250000000000001e-05,8.250000000000001e-05,8.298000000000001e-05,0.00296193,35.86733975,8.258e-05
1502465700,8.307000000000002e-05,8.307000000000002e-05,8.307000000000002e-05,8.307000000000002e-05,0.0002468,2.97105186,8.307000000000002e-05
1502466000,8.355000000000001e-05,8.309e-05,8.309e-05,8.354e-05,0.06749767,809.3302591,8.339000000000001e-05
1502466300,8.43e-05,8.351000000000002e-05,8.351000000000002e-05,8.36e-05,0.30137597,3597.74112234,8.376e-05
1502466600,8.393000000000002e-05,8.393000000000002e-05,8.393000000000002e-05,8.393000000000002e-05,0.00029708,3.53962796,8.393000000000002e-05
1502466900,8.460000000000001e-05,8.393000000000002e-05,8.393000000000002e-05,8.402e-05,0.16876546,2008.63187731,8.402e-05
1502467200,8.402e-05,8.402e-05,8.402e-05,8.402e-05,0.0,0.0,8.402e-05
1502467500,8.42e-05,8.409000000000002e-05,8.409000000000002e-05,8.42e-05,0.08668516,1030.13146822,8.414e-05
1502467800,8.438000000000002e-05,8.429000000000001e-05,8.43e-05,8.438000000000002e-05,0.130806,1550.84667023,8.434e-05
1502468100,8.461e-05,8.364000000000002e-05,8.438000000000002e-05,8.364000000000002e-05,0.58201343,6888.34589137,8.449e-05
1502468400,8.455000000000001e-05,8.455000000000001e-05,8.455000000000001e-05,8.455000000000001e-05,0.00244741,28.9463141,8.455000000000001e-05
1502468700,8.471000000000001e-05,8.364000000000002e-05,8.365000000000001e-05,8.37e-05,0.09076253000000001,1080.954794,8.396000000000002e-05
1502469000,8.397000000000001e-05,8.396000000000002e-05,8.397000000000001e-05,8.396000000000002e-05,0.00335855,39.99975,8.396000000000002e-05
1502469300,8.458e-05,8.249000000000002e-05,8.400000000000001e-05,8.27e-05,7.59971951,91935.97373277,8.266000000000001e-05
1502469600,8.423000000000001e-05,8.313000000000001e-05,8.421e-05,8.313000000000001e-05,0.41664795,4960.55327944,8.399000000000001e-05
1502469900,8.312e-05,8.299e-05,8.312e-05,8.300000000000001e-05,0.21889867000000002,2635.42154581,8.306e-05
1502470200,8.300000000000001e-05,8.300000000000001e-05,8.300000000000001e-05,8.300000000000001e-05,0.0,0.0,8.300000000000001e-05
1502470500,8.331e-05,8.231e-05,8.299e-05,8.235e-05,0.63795538,7676.02337068,8.311000000000001e-05
1502470800,8.298000000000001e-05,8.298000000000001e-05,8.298000000000001e-05,8.298000000000001e-05,0.00335141,40.38827311,8.298000000000001e-05
1502471100,8.232e-05,8.232e-05,8.232e-05,8.232e-05,0.04925275,598.30853289,8.232e-05
1502471400,8.232e-05,8.232e-05,8.232e-05,8.232e-05,0.010225999999999999,124.222568,8.232e-05
1502471700,8.232e-05,8.231e-05,8.231e-05,8.232e-05,0.00118675,14.41792761,8.231e-05
1502472000,8.331e-05,8.295000000000001e-05,8.295000000000001e-05,8.331e-05,0.03118021,374.39673035,8.328e-05
1502472300,8.329000000000001e-05,8.299e-05,8.329000000000001e-05,8.299e-05,0.0022122500000000002,26.577428779999998,8.323000000000001e-05
1502472600,8.296e-05,8.219e-05,8.296e-05,8.219e-05,0.42631218,5181.13075343,8.228e-05
1502472900,8.227000000000001e-05,8.214000000000001e-05,8.219e-05,8.214000000000001e-05,0.21988228,2676.8508218,8.214000000000001e-05
1502473200,8.277e-05,8.214000000000001e-05,8.214000000000001e-05,8.277e-05,0.12471905,1518.23189288,8.214000000000001e-05
1502473500,8.299e-05,8.271000000000001e-05,8.299e-05,8.275e-05,0.26140293,3156.40888373,8.281000000000002e-05
1502473800,8.273e-05,8.26e-05,8.273e-05,8.266000000000001e-05,0.14294691,1728.65521149,8.269000000000001e-05
1502474100,8.310000000000001e-05,8.267e-05,8.267e-05,8.310000000000001e-05,0.22229979,2688.22122699,8.269000000000001e-05
1502474400,8.32e-05,8.266000000000001e-05,8.304e-05,8.32e-05,0.19458711,2340.71138423,8.313000000000001e-05
1502474700,8.310000000000001e-05,8.266000000000001e-05,8.266000000000001e-05,8.310000000000001e-05,0.038178,461.008533,8.281000000000002e-05
1502475000,8.310000000000001e-05,8.310000000000001e-05,8.310000000000001e-05,8.310000000000001e-05,0.0,0.0,8.310000000000001e-05
1502475300,8.310000000000001e-05,8.310000000000001e-05,8.310000000000001e-05,8.310000000000001e-05,0.0,0.0,8.310000000000001e-05
1502475600,8.310000000000001e-05,8.301e-05,8.301e-05,8.310000000000001e-05,0.01986479,239.09161403,8.308000000000001e-05
1502475900,8.33e-05,8.302e-05,8.310000000000001e-05,8.33e-05,0.01335014,160.63103224,8.311000000000001e-05
1502476200,8.301e-05,8.301e-05,8.301e-05,8.301e-05,0.0024619999999999998,29.65913135,8.301e-05
1502476500,8.276e-05,8.268000000000001e-05,8.276e-05,8.268000000000001e-05,0.05211989,629.88636364,8.274000000000001e-05
1502476800,8.305e-05,8.269000000000001e-05,8.269000000000001e-05,8.305e-05,0.13996468,1685.32103319,8.304e-05
1502477100,8.345000000000001e-05,8.306e-05,8.306e-05,8.345000000000001e-05,0.28698323000000003,3452.21708799,8.313000000000001e-05
1502477400,8.352000000000001e-05,8.346e-05,8.346e-05,8.352000000000001e-05,0.00552756,66.18791612,8.351000000000002e-05
1502477700,8.391e-05,8.37e-05,8.37e-05,8.391e-05,0.05215326,621.67401473,8.389e-05
1502478000,8.391e-05,8.391e-05,8.391e-05,8.391e-05,0.0,0.0,8.391e-05
1502478300,8.391e-05,8.391e-05,8.391e-05,8.391e-05,0.0,0.0,8.391e-05
1502478600,8.392e-05,8.391e-05,8.392e-05,8.391e-05,0.80883385,9639.28807105,8.391e-05
1502478900,8.39e-05,8.387000000000001e-05,8.39e-05,8.387000000000001e-05,0.03089167,368.292293,8.387000000000001e-05
1502479200,8.386e-05,8.279000000000001e-05,8.386e-05,8.279000000000001e-05,0.16583401,2002.79282852,8.280000000000001e-05
1502479500,8.391e-05,8.389e-05,8.389e-05,8.391e-05,0.13176381,1570.33450559,8.39e-05
1502479800,8.435000000000002e-05,8.331e-05,8.435000000000002e-05,8.331e-05,0.09765916000000001,1171.62231288,8.335000000000002e-05
1502480100,8.334e-05,8.334e-05,8.334e-05,8.334e-05,0.04154531,498.5038615,8.334e-05
1502480400,8.343e-05,8.342000000000001e-05,8.343e-05,8.343e-05,0.77576794,9299.30443953,8.342000000000001e-05
1502480700,8.435000000000002e-05,8.387000000000001e-05,8.387000000000001e-05,8.387000000000001e-05,0.2215309,2638.72877022,8.395000000000001e-05
1502481000,8.386e-05,8.386e-05,8.386e-05,8.386e-05,0.0012579,15.0,8.386e-05
1502481300,8.385e-05,8.384000000000001e-05,8.385e-05,8.385e-05,0.00863632,103.0,8.384000000000001e-05
1502481600,8.386e-05,8.314000000000001e-05,8.385e-05,8.384000000000001e-05,0.39535925,4730.16815911,8.358000000000001e-05
1502481900,8.387000000000001e-05,8.315e-05,8.384000000000001e-05,8.316000000000001e-05,0.1000219,1193.29520693,8.381000000000001e-05
1502482200,8.382000000000001e-05,8.310000000000001e-05,8.382000000000001e-05,8.310000000000001e-05,0.10092498,1211.37174899,8.331e-05
1502482500,8.380000000000002e-05,8.380000000000002e-05,8.380000000000002e-05,8.380000000000002e-05,0.0001257,1.5,8.380000000000002e-05
1502482800,8.381000000000001e-05,8.315e-05,8.317e-05,8.381000000000001e-05,0.02681341,320.92240607,8.355000000000001e-05
1502483100,8.309e-05,8.309e-05,8.309e-05,8.309e-05,0.13915429,1674.7417925,8.309e-05
1502483400,8.309e-05,8.309e-05,8.309e-05,8.309e-05,0.00141041,16.9745,8.309e-05
1502483700,8.309e-05,8.302e-05,8.309e-05,8.302e-05,0.5093755,6130.57911978,8.308000000000001e-05
1502484000,8.382000000000001e-05,8.308000000000001e-05,8.380000000000002e-05,8.382000000000001e-05,0.50650827,6075.35965796,8.337000000000001e-05
1502484300,8.382000000000001e-05,8.382000000000001e-05,8.382000000000001e-05,8.382000000000001e-05,0.0025578999999999997,30.51659942,8.382000000000001e-05
1502484600,8.382000000000001e-05,8.382000000000001e-05,8.382000000000001e-05,8.382000000000001e-05,0.0,0.0,8.382000000000001e-05
1502484900,8.382000000000001e-05,8.381000000000001e-05,8.382000000000001e-05,8.381000000000001e-05,0.29046591,3465.55823309,8.381000000000001e-05
1502485200,8.386e-05,8.386e-05,8.386e-05,8.386e-05,0.0011751700000000001,14.0135345,8.386e-05
1502485500,8.429000000000001e-05,8.386e-05,8.386e-05,8.429000000000001e-05,0.02217107,263.18054346,8.424e-05
1502485800,8.44e-05,8.301e-05,8.432e-05,8.379000000000001e-05,0.32153539999999997,3838.59308473,8.376e-05
1502486100,8.384000000000001e-05,8.378000000000001e-05,8.378000000000001e-05,8.379000000000001e-05,0.07923052,945.59144723,8.378000000000001e-05
1502486400,8.379000000000001e-05,8.379000000000001e-05,8.379000000000001e-05,8.379000000000001e-05,0.23304568,2781.30662746,8.379000000000001e-05
1502486700,8.381000000000001e-05,8.379000000000001e-05,8.381000000000001e-05,8.379000000000001e-05,0.028617260000000002,341.49280952,8.380000000000002e-05
1502487000,8.384000000000001e-05,8.301e-05,8.384000000000001e-05,8.301e-05,0.14887657,1785.112553,8.339000000000001e-05
1502487300,8.412000000000001e-05,8.306e-05,8.308000000000001e-05,8.412000000000001e-05,0.14377367,1716.33286133,8.376e-05
1502487600,8.411e-05,8.410000000000001e-05,8.410000000000001e-05,8.411e-05,0.07455898,886.53684291,8.410000000000001e-05
1502487900,8.399000000000001e-05,8.338e-05,8.399000000000001e-05,8.338e-05,0.01406338,167.47505748,8.397000000000001e-05
1502488200,8.339000000000001e-05,8.325e-05,8.338e-05,8.325e-05,0.05611664,672.997567,8.338e-05
1502488500,8.384000000000001e-05,8.325e-05,8.325e-05,8.338e-05,0.00570094,68.36538751,8.338e-05
1502488800,8.412000000000001e-05,8.349000000000002e-05,8.411e-05,8.349000000000002e-05,0.12493968,1485.33924316,8.411e-05
1502489100,8.404e-05,8.357e-05,8.357e-05,8.404e-05,0.00235309,28.02080609,8.397000000000001e-05
1502489400,8.389e-05,8.388e-05,8.388e-05,8.389e-05,0.042318720000000004,504.45530272,8.388e-05
1502489700,8.389e-05,8.389e-05,8.389e-05,8.389e-05,0.0,0.0,8.389e-05
1502490000,8.39e-05,8.305e-05,8.39e-05,8.361000000000001e-05,0.47154328,5641.16820844,8.358000000000001e-05
1502490300,8.311000000000001e-05,8.305e-05,8.311000000000001e-05,8.305e-05,0.18589845,2237.77964278,8.307000000000002e-05
1502490600,8.306e-05,8.305e-05,8.306e-05,8.305e-05,0.02264697,272.66896099,8.305e-05
1502490900,8.307000000000002e-05,8.306e-05,8.306e-05,8.307000000000002e-05,0.06131179,738.08132377,8.306e-05
1502491200,8.317e-05,8.317e-05,8.317e-05,8.317e-05,0.21484233,2583.171,8.317e-05
1502491500,8.317e-05,8.317e-05,8.317e-05,8.317e-05,0.0,0.0,8.317e-05
1502491800,8.306e-05,8.306e-05,8.306e-05,8.306e-05,0.08947672,1077.2541,8.306e-05
1502492100,8.369000000000001e-05,8.306e-05,8.317e-05,8.306e-05,0.05659418,677.77303364,8.35e-05
1502492400,8.306e-05,8.306e-05,8.306e-05,8.306e-05,0.0,0.0,8.306e-05
1502492700,8.306e-05,8.301e-05,8.306e-05,8.305e-05,0.02186007,263.26669318,8.303000000000001e-05
1502493000,8.301e-05,8.300000000000001e-05,8.301e-05,8.300000000000001e-05,0.8566788200000001,10321.41708916,8.300000000000001e-05
1502493300,8.300000000000001e-05,8.27e-05,8.300000000000001e-05,8.27e-05,1.16004989,14011.0311788,8.279000000000001e-05
1502493600,8.299e-05,8.259000000000001e-05,8.259000000000001e-05,8.259000000000001e-05,0.11923046,1443.079053,8.262e-05
1502493900,8.259000000000001e-05,8.250000000000001e-05,8.259000000000001e-05,8.250000000000001e-05,0.3323058,4025.1119415,8.255000000000001e-05
1502494200,8.251000000000001e-05,8.250000000000001e-05,8.251000000000001e-05,8.250000000000001e-05,0.19287122,2337.81837653,8.250000000000001e-05
1502494500,8.274000000000001e-05,8.274000000000001e-05,8.274000000000001e-05,8.274000000000001e-05,0.02518661,304.40672588,8.274000000000001e-05
1502494800,8.245e-05,8.243000000000001e-05,8.245e-05,8.243000000000001e-05,0.00937784,113.75643279,8.243000000000001e-05
1502495100,8.275e-05,8.112000000000001e-05,8.243000000000001e-05,8.182000000000001e-05,11.67641893,143765.59960219,8.121000000000002e-05
1502495400,8.245e-05,8.245e-05,8.245e-05,8.245e-05,0.00041146,4.99050424,8.245e-05
1502495700,8.277e-05,8.245e-05,8.245e-05,8.272000000000001e-05,0.49234199,5952.43348509,8.271000000000001e-05
1502496000,8.267e-05,8.245e-05,8.266000000000001e-05,8.245e-05,0.23227291,2810.44433258,8.264e-05
1502496300,8.27e-05,8.245e-05,8.245e-05,8.27e-05,0.6960786800000001,8420.47145342,8.266000000000001e-05
1502496600,8.27e-05,8.263e-05,8.27e-05,8.27e-05,0.71684414,8669.66309277,8.268000000000001e-05
1502496900,8.27e-05,8.268000000000001e-05,8.268000000000001e-05,8.27e-05,0.3528613,4266.7923233,8.269000000000001e-05
1502497200,8.27e-05,8.27e-05,8.27e-05,8.27e-05,0.03117028,376.907977,8.27e-05
1502497500,8.271000000000001e-05,8.27e-05,8.27e-05,8.271000000000001e-05,0.02680429,324.11302131,8.27e-05
1502497800,8.271000000000001e-05,8.271000000000001e-05,8.271000000000001e-05,8.271000000000001e-05,0.29439142,3559.32079554,8.271000000000001e-05
1502498100,8.271000000000001e-05,8.271000000000001e-05,8.271000000000001e-05,8.271000000000001e-05,0.0008271,10.0,8.271000000000001e-05
1502498400,8.271000000000001e-05,8.27e-05,8.271000000000001e-05,8.27e-05,0.40970809999999996,4953.70302024,8.27e-05
1502498700,8.271000000000001e-05,8.262e-05,8.27e-05,8.271000000000001e-05,0.36795326,4449.19380996,8.27e-05
1502499000,8.271000000000001e-05,8.271000000000001e-05,8.271000000000001e-05,8.271000000000001e-05,0.17481043000000002,2113.53442301,8.271000000000001e-05
1502499300,8.271000000000001e-05,8.231e-05,8.231e-05,8.271000000000001e-05,0.7313225999999999,8842.26873,8.27e-05
1502499600,8.271000000000001e-05,8.2e-05,8.271000000000001e-05,8.271000000000001e-05,1.30719811,15864.26299106,8.239000000000002e-05
1502499900,8.271000000000001e-05,8.271000000000001e-05,8.271000000000001e-05,8.271000000000001e-05,0.315625,3816.044028,8.271000000000001e-05
1502500200,8.271000000000001e-05,8.27e-05,8.271000000000001e-05,8.271000000000001e-05,2.20806815,26696.51085082,8.27e-05
1502500500,8.271000000000001e-05,8.2e-05,8.271000000000001e-05,8.27e-05,0.05309912,642.7954572,8.26e-05
1502500800,8.27e-05,8.27e-05,8.27e-05,8.27e-05,0.3884554,4697.16335944,8.27e-05
1502501100,8.27e-05,8.27e-05,8.27e-05,8.27e-05,0.06794905,821.63313179,8.27e-05
1502501400,8.27e-05,8.208000000000001e-05,8.27e-05,8.208000000000001e-05,1.00035224,12099.97670671,8.267e-05
1502501700,8.269000000000001e-05,8.103e-05,8.269000000000001e-05,8.266000000000001e-05,11.52572187,141365.30402567,8.153000000000001e-05
1502502000,8.268000000000001e-05,8.267e-05,8.267e-05,8.267e-05,0.1329261,1607.89570208,8.267e-05
1502502300,8.271000000000001e-05,8.099000000000001e-05,8.267e-05,8.271000000000001e-05,0.82879453,10164.70133757,8.153000000000001e-05
1502502600,8.27e-05,8.210000000000002e-05,8.27e-05,8.268000000000001e-05,0.0702212,849.28387668,8.268000000000001e-05
1502502900,8.303000000000001e-05,8.269000000000001e-05,8.269000000000001e-05,8.303000000000001e-05,0.15750899000000002,1898.77705083,8.295000000000001e-05
1502503200,8.299e-05,8.267e-05,8.299e-05,8.297000000000001e-05,0.10035496,1209.3832484,8.298000000000001e-05
1502503500,8.297000000000001e-05,8.297000000000001e-05,8.297000000000001e-05,8.297000000000001e-05,0.0,0.0,8.297000000000001e-05
1502503800,8.376e-05,8.102000000000001e-05,8.289e-05,8.29e-05,1.22132094,14774.69051604,8.266000000000001e-05
1502504100,8.338e-05,8.305e-05,8.305e-05,8.338e-05,0.34169958,4104.45194249,8.325e-05
1502504400,8.378000000000001e-05,8.338e-05,8.338e-05,8.378000000000001e-05,0.034065530000000004,408.4574954,8.340000000000001e-05
1502504700,8.39e-05,8.379000000000001e-05,8.379000000000001e-05,8.39e-05,0.6077248,7251.1899194,8.381000000000001e-05
1502505000,8.416000000000001e-05,8.39e-05,8.39e-05,8.416000000000001e-05,0.29694316,3532.18032608,8.406000000000002e-05
1502505300,8.43e-05,8.346e-05,8.419e-05,8.346e-05,0.05409996,642.1465679,8.424e-05
1502505600,8.443e-05,8.382000000000001e-05,8.429000000000001e-05,8.382000000000001e-05,0.1483782,1757.62416837,8.441000000000001e-05
1502505900,8.382000000000001e-05,8.382000000000001e-05,8.382000000000001e-05,8.382000000000001e-05,0.0008382,10.0,8.382000000000001e-05
1502506200,8.419e-05,8.419e-05,8.419e-05,8.419e-05,0.09576736,1137.51469228,8.419e-05
1502506500,8.419e-05,8.400000000000001e-05,8.400000000000001e-05,8.419e-05,0.01440084,171.16997232,8.413000000000001e-05
1502506800,8.453e-05,8.419e-05,8.419e-05,8.453e-05,0.65677741,7801.04469459,8.419e-05
1502507100,8.459e-05,8.458e-05,8.459e-05,8.459e-05,0.20033452000000002,2368.41501538,8.458e-05
1502507400,8.541000000000001e-05,8.446e-05,8.475e-05,8.541000000000001e-05,0.73095806,8589.76143124,8.509000000000001e-05
1502507700,8.596000000000001e-05,8.492000000000002e-05,8.555e-05,8.596000000000001e-05,0.31921214000000003,3727.3281006,8.564000000000001e-05
1502508000,8.596000000000001e-05,8.509000000000001e-05,8.596000000000001e-05,8.517e-05,0.03022947,354.73492462,8.521000000000002e-05
1502508300,8.551000000000001e-05,8.517e-05,8.518000000000001e-05,8.551000000000001e-05,0.14873502,1742.182473,8.537000000000002e-05
1502508600,8.596000000000001e-05,8.551000000000001e-05,8.551000000000001e-05,8.596000000000001e-05,0.48652737,5661.424882,8.593000000000001e-05
1502508900,8.524000000000002e-05,8.521000000000002e-05,8.524000000000002e-05,8.521000000000002e-05,0.00397444,46.63481727,8.522000000000001e-05
1502509200,8.568e-05,8.521000000000002e-05,8.533e-05,8.521000000000002e-05,0.10063221,1174.90446212,8.565000000000001e-05
1502509500,8.52e-05,8.43e-05,8.52e-05,8.438000000000002e-05,0.09311445,1103.04042722,8.441000000000001e-05
1502509800,8.432e-05,8.43e-05,8.43e-05,8.43e-05,0.05854081,694.36099918,8.43e-05
1502510100,8.431e-05,8.426000000000001e-05,8.429000000000001e-05,8.431e-05,0.03274098,388.35117656,8.43e-05
1502510400,8.471000000000001e-05,8.383e-05,8.471000000000001e-05,8.383e-05,0.32680643,3865.2912068,8.454000000000001e-05
1502510700,8.425000000000001e-05,8.302e-05,8.383e-05,8.425000000000001e-05,1.16725554,14048.52018697,8.308000000000001e-05
1502511000,8.406000000000002e-05,8.336000000000002e-05,8.406000000000002e-05,8.336000000000002e-05,0.0042121,50.16634887,8.396000000000002e-05
1502511300,8.392e-05,8.382000000000001e-05,8.382000000000001e-05,8.392e-05,0.14937102,1781.187079,8.386e-05
1502511600,8.349000000000002e-05,8.346e-05,8.349000000000002e-05,8.346e-05,0.03715824,445.14264489,8.347e-05
1502511900,8.346e-05,8.346e-05,8.346e-05,8.346e-05,0.0,0.0,8.346e-05
1502512200,8.343e-05,8.343e-05,8.343e-05,8.343e-05,0.00099999,11.986096,8.343e-05
1502512500,8.346e-05,8.343e-05,8.343e-05,8.346e-05,0.06658873,797.97686158,8.344e-05
1502512800,8.425000000000001e-05,8.332000000000001e-05,8.346e-05,8.425000000000001e-05,0.30041812,3580.07542077,8.391e-05
1502513100,8.375e-05,8.375e-05,8.375e-05,8.375e-05,0.01176598,140.48941542,8.375e-05
1502513400,8.379000000000001e-05,8.378000000000001e-05,8.378000000000001e-05,8.379000000000001e-05,0.0027736600000000003,33.10549421,8.378000000000001e-05
1502513700,8.379000000000001e-05,8.345000000000001e-05,8.379000000000001e-05,8.345000000000001e-05,0.13499403000000001,1612.55383453,8.371000000000001e-05
1502514000,8.338e-05,8.257e-05,8.338e-05,8.257e-05,0.52459721,6337.49396311,8.277e-05
1502514300,8.352000000000001e-05,8.267e-05,8.267e-05,8.273e-05,0.7072068300000001,8536.68815419,8.284000000000001e-05
1502514600,8.273e-05,8.27e-05,8.272000000000001e-05,8.27e-05,0.01217389,147.171469,8.271000000000001e-05
1502514900,8.251000000000001e-05,8.244e-05,8.251000000000001e-05,8.244e-05,0.02658529,322.22572056,8.250000000000001e-05
1502515200,8.273e-05,8.219e-05,8.239000000000002e-05,8.219e-05,0.31025937,3751.17272471,8.27e-05
1502515500,8.287000000000001e-05,8.217000000000001e-05,8.269000000000001e-05,8.287000000000001e-05,0.67032926,8129.52201366,8.245e-05
1502515800,8.399000000000001e-05,8.287000000000001e-05,8.287000000000001e-05,8.399000000000001e-05,1.12417757,13435.94131227,8.366000000000001e-05
1502516100,8.517e-05,8.386e-05,8.386e-05,8.517e-05,0.45027969,5324.5348937,8.456e-05
1502516400,8.564000000000001e-05,8.424e-05,8.517e-05,8.424e-05,0.70254003,8253.81632789,8.511e-05
1502516700,8.487e-05,8.312e-05,8.448e-05,8.312e-05,0.1492874,1791.332528,8.333e-05
1502517000,8.32e-05,8.32e-05,8.32e-05,8.32e-05,0.0025488,30.6347099,8.32e-05
1502517300,8.414e-05,8.345000000000001e-05,8.414e-05,8.380000000000002e-05,0.25413489,3043.09703534,8.351000000000002e-05
1502517600,8.380000000000002e-05,8.380000000000002e-05,8.380000000000002e-05,8.380000000000002e-05,0.00324318,38.70154545,8.380000000000002e-05
1502517900,8.353000000000001e-05,8.067000000000001e-05,8.353000000000001e-05,8.277e-05,3.5525544,43585.45838486,8.150000000000002e-05
1502518200,8.276e-05,8.267e-05,8.276e-05,8.267e-05,0.01799999,217.62791998,8.27e-05
1502518500,8.328e-05,8.235e-05,8.247e-05,8.328e-05,1.41411052,17158.15048154,8.241e-05
1502518800,8.310000000000001e-05,8.239000000000002e-05,8.247e-05,8.307000000000002e-05,0.36202283,4378.12354796,8.268000000000001e-05
1502519100,8.389e-05,8.327000000000001e-05,8.327000000000001e-05,8.389e-05,0.05894745,704.443,8.367000000000002e-05
1502519400,8.284000000000001e-05,8.215e-05,8.284000000000001e-05,8.215e-05,0.15027427000000002,1819.83113419,8.257e-05
1502519700,8.329000000000001e-05,8.215e-05,8.215e-05,8.245e-05,0.22407127000000002,2713.85062297,8.256000000000001e-05
1502520000,8.376e-05,8.253000000000001e-05,8.253000000000001e-05,8.321999999999999e-05,0.011376840000000001,136.57622794,8.33e-05
1502520300,8.394000000000001e-05,8.300000000000001e-05,8.389e-05,8.300000000000001e-05,0.80642124,9697.62829801,8.315e-05
1502520600,8.400000000000001e-05,8.288e-05,8.304e-05,8.400000000000001e-05,0.53942659,6452.99091829,8.359e-05
1502520900,8.37e-05,8.37e-05,8.37e-05,8.37e-05,0.00499999,59.73715651,8.37e-05
1502521200,8.369000000000001e-05,8.329000000000001e-05,8.369000000000001e-05,8.329000000000001e-05,0.01346208,161.03909596,8.359e-05
1502521500,8.329000000000001e-05,8.329000000000001e-05,8.329000000000001e-05,8.329000000000001e-05,0.0,0.0,8.329000000000001e-05
1502521800,8.400000000000001e-05,8.250000000000001e-05,8.328e-05,8.400000000000001e-05,0.17496508,2099.48213156,8.333e-05
1502522100,8.400000000000001e-05,8.400000000000001e-05,8.400000000000001e-05,8.400000000000001e-05,0.02842087,338.34369048,8.400000000000001e-05
1502522400,8.399000000000001e-05,8.328e-05,8.328e-05,8.399000000000001e-05,0.19300499000000002,2298.48927497,8.397000000000001e-05
1502522700,8.327000000000001e-05,8.282000000000001e-05,8.327000000000001e-05,8.282000000000001e-05,0.0258803,312.39166386,8.284000000000001e-05
1502523000,8.356e-05,8.007e-05,8.282000000000001e-05,8.054000000000001e-05,3.06430269,37751.58323698,8.117000000000001e-05
1502523300,8.1e-05,8.007999999999999e-05,8.054000000000001e-05,8.097e-05,0.10107342,1252.6941126,8.068000000000001e-05
1502523600,8.158e-05,8.006e-05,8.097e-05,8.097e-05,0.58557908,7235.19945045,8.093000000000001e-05
1502523900,8.097e-05,8e-05,8.094e-05,8.097e-05,0.99447099,12389.30779194,8.026000000000001e-05
1502524200,8.097e-05,8.032e-05,8.097e-05,8.032e-05,0.54777802,6766.0,8.096000000000001e-05
1502524500,8.03e-05,8.03e-05,8.03e-05,8.03e-05,0.5809705,7235.0,8.03e-05
1502524800,8.051000000000001e-05,8e-05,8.023000000000001e-05,8.051000000000001e-05,0.04339815,541.53204173,8.013000000000001e-05
1502525100,8.102000000000001e-05,8e-05,8e-05,8.102000000000001e-05,0.13793474,1703.64530829,8.096000000000001e-05
1502525400,8.112000000000001e-05,8.111000000000001e-05,8.111000000000001e-05,8.112000000000001e-05,0.13194995,1626.60426364,8.111000000000001e-05
1502525700,8.113e-05,8.113e-05,8.113e-05,8.113e-05,0.025696010000000002,316.72640009,8.113e-05
1502526000,8.113e-05,8.113e-05,8.113e-05,8.113e-05,0.0,0.0,8.113e-05
1502526300,8.114000000000001e-05,8.113e-05,8.113e-05,8.113e-05,0.02371307,292.28111455,8.113e-05
1502526600,8.132e-05,8.113e-05,8.132e-05,8.113e-05,0.0079092,97.28662296,8.129e-05
1502526900,8.113e-05,8.11e-05,8.113e-05,8.11e-05,0.23294368000000001,2871.35771425,8.112000000000001e-05
1502527200,8.11e-05,8.11e-05,8.11e-05,8.11e-05,0.09948907,1226.74567238,8.11e-05
1502527500,8.059e-05,8.027e-05,8.059e-05,8.053000000000002e-05,0.09159122,1137.57340908,8.051000000000001e-05
1502527800,8.052000000000001e-05,7.929000000000001e-05,8.027e-05,7.929000000000001e-05,2.04831275,25644.59980854,7.987e-05
1502528100,7.996000000000001e-05,7.895000000000001e-05,7.996000000000001e-05,7.895000000000001e-05,0.53869251,6813.7469371,7.905000000000001e-05
1502528400,7.894000000000001e-05,7.715e-05,7.894000000000001e-05,7.715e-05,0.66989053,8637.06833298,7.755e-05
1502528700,7.785000000000001e-05,7.668e-05,7.718e-05,7.668e-05,0.80257418,10425.03282095,7.698000000000001e-05
1502529000,7.781e-05,7.666000000000001e-05,7.673e-05,7.701000000000001e-05,0.70796472,9137.65356759,7.747e-05
1502529300,7.758000000000001e-05,7.691000000000001e-05,7.711000000000001e-05,7.758000000000001e-05,0.07787717,1008.24025627,7.724000000000001e-05
1502529600,7.833e-05,7.679000000000002e-05,7.705e-05,7.833e-05,2.41646574,31376.01973703,7.701000000000001e-05
1502529900,7.833e-05,7.744e-05,7.784e-05,7.744e-05,0.055060660000000004,706.00180556,7.798000000000001e-05
1502530200,7.72e-05,7.612000000000001e-05,7.72e-05,7.612000000000001e-05,2.3831211,31132.64679741,7.654000000000001e-05
1502530500,7.623000000000001e-05,7.587e-05,7.620000000000001e-05,7.598e-05,0.50974858,6704.24901376,7.603e-05
1502530800,7.59e-05,7.574e-05,7.577e-05,7.584e-05,0.08550244,1126.70791302,7.588000000000001e-05
1502531100,7.580000000000001e-05,7.513000000000001e-05,7.580000000000001e-05,7.513000000000001e-05,2.46842701,32840.68044202,7.516e-05
1502531400,7.512000000000001e-05,7.500000000000001e-05,7.512000000000001e-05,7.502000000000001e-05,0.30093455,4008.3227385,7.507e-05
1502531700,7.511e-05,7.502000000000001e-05,7.502000000000001e-05,7.509000000000001e-05,0.14841416,1976.48712662,7.508e-05
1502532000,7.513000000000001e-05,7.500000000000001e-05,7.500000000000001e-05,7.513000000000001e-05,0.9516777200000001,12669.4354338,7.511e-05
1502532300,7.515e-05,7.513000000000001e-05,7.513000000000001e-05,7.515e-05,2.9567806,39346.18243565,7.514e-05
1502532600,7.745000000000001e-05,7.566e-05,7.566e-05,7.745000000000001e-05,0.88253614,11571.04811298,7.627e-05
1502532900,7.745000000000001e-05,7.744e-05,7.744e-05,7.745000000000001e-05,0.12282229,1585.86655363,7.744e-05
1502533200,7.745000000000001e-05,7.7e-05,7.745000000000001e-05,7.7e-05,0.03773043,488.39568394,7.725000000000001e-05
1502533500,7.7e-05,7.559000000000001e-05,7.657000000000001e-05,7.7e-05,0.1202533,1565.03979788,7.683000000000001e-05
1502533800,7.603e-05,7.595e-05,7.603e-05,7.595e-05,0.01012656,133.19461528,7.602000000000001e-05
1502534100,7.655e-05,7.593e-05,7.653000000000001e-05,7.655e-05,0.29169565000000003,3812.14299358,7.651e-05
1502534400,7.601000000000001e-05,7.54e-05,7.601000000000001e-05,7.54e-05,0.53022155,7021.37571046,7.551000000000001e-05
1502534700,7.572e-05,7.531000000000001e-05,7.531000000000001e-05,7.572e-05,0.07846944,1036.388647,7.571e-05
1502535000,7.560000000000001e-05,7.531000000000001e-05,7.560000000000001e-05,7.531000000000001e-05,0.23433433,3106.17135641,7.544000000000001e-05
1502535300,7.549000000000001e-05,7.548e-05,7.549000000000001e-05,7.548e-05,0.06237725,826.38583724,7.548e-05
1502535600,7.570000000000001e-05,7.568000000000001e-05,7.570000000000001e-05,7.568000000000001e-05,0.07220032,953.900259,7.568000000000001e-05
1502535900,7.568000000000001e-05,7.568000000000001e-05,7.568000000000001e-05,7.568000000000001e-05,0.00823293,108.786133,7.568000000000001e-05
1502536200,7.614e-05,7.567000000000001e-05,7.609000000000001e-05,7.614e-05,0.35059937,4613.41734162,7.599000000000001e-05
1502536500,7.624e-05,7.614e-05,7.614e-05,7.623000000000001e-05,0.04888036,641.18649248,7.623000000000001e-05
1502536800,7.614e-05,7.500000000000001e-05,7.614e-05,7.613e-05,0.76347102,10152.9567138,7.519e-05
1502537100,7.605e-05,7.49e-05,7.605e-05,7.49e-05,0.12013561,1583.47909416,7.586000000000001e-05
1502537400,7.568000000000001e-05,7.54e-05,7.567000000000001e-05,7.541000000000001e-05,0.31337473,4145.16106877,7.560000000000001e-05
1502537700,7.516e-05,7.504e-05,7.512000000000001e-05,7.504e-05,0.00765669,101.93963943,7.511e-05
1502538000,7.546000000000001e-05,7.546000000000001e-05,7.546000000000001e-05,7.546000000000001e-05,0.00099999,13.252054,7.546000000000001e-05
1502538300,7.601000000000001e-05,7.568000000000001e-05,7.568000000000001e-05,7.601000000000001e-05,0.8800021,11581.77726616,7.598e-05
1502538600,7.598e-05,7.596000000000001e-05,7.598e-05,7.597e-05,0.06765521000000001,890.58116244,7.596000000000001e-05
1502538900,7.601000000000001e-05,7.475e-05,7.601000000000001e-05,7.485e-05,0.20732393000000002,2763.95031421,7.501000000000002e-05
1502539200,7.484000000000001e-05,7.47e-05,7.472000000000002e-05,7.47e-05,0.52059826,6968.7894705,7.47e-05
1502539500,7.471000000000001e-05,7.47e-05,7.47e-05,7.471000000000001e-05,0.07830731,1048.28429901,7.47e-05
1502539800,7.485e-05,7.485e-05,7.485e-05,7.485e-05,0.00099999,13.36005344,7.485e-05
1502540100,7.530000000000001e-05,7.416000000000001e-05,7.477e-05,7.424000000000001e-05,3.68574393,49509.62892755,7.444000000000001e-05
1502540400,7.485e-05,7.398e-05,7.424000000000001e-05,7.416000000000001e-05,1.60099468,21578.71156545,7.419e-05
1502540700,7.416000000000001e-05,7.269000000000001e-05,7.415e-05,7.409e-05,14.81335343,203349.39286059,7.284e-05
1502541000,7.396e-05,7.373000000000001e-05,7.396e-05,7.379e-05,0.28749579000000003,3894.2539099,7.382000000000001e-05
1502541300,7.379e-05,7.361000000000001e-05,7.379e-05,7.364e-05,1.08882178,14782.36228267,7.365000000000001e-05
1502541600,7.438e-05,7.355000000000001e-05,7.364e-05,7.364e-05,0.32499429,4385.49759012,7.410000000000001e-05
1502541900,7.423000000000001e-05,7.264000000000001e-05,7.403000000000001e-05,7.264000000000001e-05,0.24524787,3362.76480395,7.293000000000001e-05
1502542200,7.391e-05,7.391e-05,7.391e-05,7.391e-05,0.31849137,4309.17836734,7.391e-05
1502542500,7.403000000000001e-05,7.331000000000001e-05,7.383e-05,7.383e-05,0.20708403,2810.48478695,7.368000000000001e-05
1502542800,7.377000000000001e-05,7.274000000000001e-05,7.377000000000001e-05,7.286e-05,0.07934515,1089.60452324,7.282000000000001e-05
1502543100,7.291e-05,7.189e-05,7.291e-05,7.189e-05,2.5359826500000002,34990.22964919,7.247e-05
1502543400,7.192e-05,7.081000000000001e-05,7.192e-05,7.081000000000001e-05,0.56385008,7920.44222458,7.118e-05
1502543700,7.09e-05,7.081000000000001e-05,7.081000000000001e-05,7.089000000000001e-05,0.31427497,4433.66508589,7.088000000000001e-05
1502544000,7.088000000000001e-05,6.890000000000001e-05,7.088000000000001e-05,6.989000000000001e-05,6.97534327,99911.37229497,6.981000000000001e-05
1502544300,7.004e-05,6.959e-05,6.959e-05,6.997000000000001e-05,0.19318809,2762.24047413,6.993e-05
1502544600,7.042000000000001e-05,6.987000000000001e-05,6.994e-05,7.042000000000001e-05,0.16888245000000002,2415.59286947,6.991e-05
1502544900,7.091000000000001e-05,7.005000000000001e-05,7.009000000000002e-05,7.042000000000001e-05,0.60132749,8499.1074136,7.075000000000001e-05
1502545200,7.091000000000001e-05,7.042000000000001e-05,7.042000000000001e-05,7.091000000000001e-05,0.07884013000000001,1114.65262857,7.073000000000001e-05
1502545500,7.115000000000001e-05,7.081000000000001e-05,7.091000000000001e-05,7.091000000000001e-05,0.45699947,6432.94859248,7.104000000000001e-05
1502545800,7.115000000000001e-05,7.091000000000001e-05,7.091000000000001e-05,7.115000000000001e-05,0.13992059,1969.92555978,7.102000000000001e-05
1502546100,7.115000000000001e-05,7.112000000000001e-05,7.115000000000001e-05,7.115000000000001e-05,0.08455784,1188.55677418,7.114e-05
1502546400,7.115000000000001e-05,7.1e-05,7.115000000000001e-05,7.1e-05,0.36524906,5134.09108525,7.114e-05
1502546700,7.116e-05,7.091000000000001e-05,7.111e-05,7.116e-05,0.30189836000000003,4246.00178976,7.110000000000001e-05
1502547000,7.125000000000001e-05,7.113e-05,7.120000000000001e-05,7.113e-05,0.34963402,4908.46293546,7.123000000000001e-05
1502547300,7.125000000000001e-05,7.1e-05,7.107000000000001e-05,7.125000000000001e-05,0.13641644,1918.43081809,7.110000000000001e-05
1502547600,7.125000000000001e-05,7.091000000000001e-05,7.111e-05,7.125000000000001e-05,0.21241837,2983.174094,7.120000000000001e-05
1502547900,7.158000000000002e-05,7.081000000000001e-05,7.125000000000001e-05,7.158000000000002e-05,1.33214711,18760.19009887,7.1e-05
1502548200,7.159e-05,7.091000000000001e-05,7.159e-05,7.101e-05,0.41865979999999997,5876.68274468,7.124e-05
1502548500,7.262e-05,7.15e-05,7.151e-05,7.262e-05,0.5235261,7296.67446542,7.174000000000001e-05
1502548800,7.316000000000001e-05,7.223e-05,7.262e-05,7.316000000000001e-05,1.47185488,20177.83824036,7.294e-05
1502549100,7.312e-05,7.312e-05,7.312e-05,7.312e-05,0.17488536000000002,2391.758269,7.312e-05
1502549400,7.311000000000001e-05,7.302e-05,7.302e-05,7.311000000000001e-05,0.13197387,1805.31071553,7.31e-05
1502549700,7.311000000000001e-05,7.223e-05,7.311000000000001e-05,7.279e-05,0.23701855,3246.94226563,7.299e-05
1502550000,7.295000000000001e-05,7.293000000000001e-05,7.295000000000001e-05,7.294e-05,0.05961327,817.29833288,7.293000000000001e-05
1502550300,7.290000000000001e-05,7.290000000000001e-05,7.290000000000001e-05,7.290000000000001e-05,0.00058741,8.05783567,7.290000000000001e-05
1502550600,7.238000000000001e-05,6.912e-05,7.238000000000001e-05,7.042000000000001e-05,0.90418187,12848.27487207,7.037e-05
1502550900,7.044e-05,7.04e-05,7.042000000000001e-05,7.043e-05,0.05440051,772.41533752,7.042000000000001e-05
1502551200,7.256000000000001e-05,7.044e-05,7.044e-05,7.197e-05,0.67885484,9484.68813993,7.157000000000001e-05
1502551500,7.235000000000001e-05,7.158000000000002e-05,7.234e-05,7.158000000000002e-05,0.08839962,1222.50264036,7.231e-05
1502551800,7.158000000000002e-05,7.087e-05,7.158000000000002e-05,7.089000000000001e-05,0.10329751000000001,1447.90597463,7.134e-05
1502552100,7.091000000000001e-05,7.09e-05,7.091000000000001e-05,7.09e-05,0.0505228,712.57271151,7.09e-05
1502552400,7.145e-05,7.139e-05,7.141000000000001e-05,7.139e-05,0.06357944,890.09013988,7.143e-05
1502552700,7.267000000000001e-05,7.139e-05,7.139e-05,7.157000000000001e-05,2.1683504,29975.80706564,7.233000000000001e-05
1502553000,7.120000000000001e-05,7.05e-05,7.120000000000001e-05,7.116e-05,0.22520887,3184.84609825,7.071e-05
1502553300,7.252e-05,7.116e-05,7.116e-05,7.189e-05,0.26704206,3694.3313223,7.228e-05
1502553600,7.177e-05,7.152e-05,7.175000000000001e-05,7.152e-05,0.00889183,124.16055785,7.161e-05
1502553900,7.274000000000001e-05,7.136000000000001e-05,7.14e-05,7.269000000000001e-05,0.23145762,3203.60041783,7.224000000000001e-05
1502554200,7.289e-05,7.194e-05,7.235000000000001e-05,7.194e-05,0.18418757,2534.76389923,7.266000000000001e-05
1502554500,7.291e-05,7.175000000000001e-05,7.176e-05,7.262e-05,0.33553513,4641.54075509,7.228e-05
1502554800,7.2e-05,7.2e-05,7.2e-05,7.2e-05,0.0059039999999999995,82.0,7.2e-05
1502555100,7.262e-05,7.2e-05,7.2e-05,7.201e-05,0.05497494,758.899928,7.244e-05
1502555400,7.263e-05,7.207e-05,7.207e-05,7.263e-05,0.30485677,4200.51642897,7.257e-05
1502555700,7.263e-05,7.195000000000001e-05,7.263e-05,7.252e-05,0.59197336,8152.9957505,7.26e-05
1502556000,7.258e-05,7.2e-05,7.252e-05,7.2e-05,0.76715699,10603.82275538,7.234e-05
1502556300,7.258e-05,7.158000000000002e-05,7.249e-05,7.16e-05,2.70659999,37718.21742357,7.175000000000001e-05
1502556600,7.16e-05,7.156e-05,7.16e-05,7.159e-05,0.04239423,592.25555496,7.158000000000002e-05
1502556900,7.159e-05,7.034000000000001e-05,7.155e-05,7.034000000000001e-05,0.25058802,3552.13926165,7.054000000000001e-05
1502557200,7.107000000000001e-05,7.04e-05,7.04e-05,7.099000000000001e-05,0.02573912,363.8285562,7.074e-05
1502557500,7.099000000000001e-05,7.037e-05,7.098e-05,7.04e-05,0.5254198,7429.90552006,7.071e-05
1502557800,7.041000000000001e-05,7.039000000000001e-05,7.039000000000001e-05,7.041000000000001e-05,0.92811668,13184.55717094,7.039000000000001e-05
1502558100,7.04e-05,7.04e-05,7.04e-05,7.04e-05,0.05577329,792.23431522,7.04e-05
1502558400,7.097e-05,7.041000000000001e-05,7.041000000000001e-05,7.097e-05,0.17359447,2448.64170559,7.089000000000001e-05
1502558700,7.097e-05,7.047000000000001e-05,7.097e-05,7.047000000000001e-05,0.02834845,401.81164189,7.055000000000001e-05
1502559000,7.064e-05,7.064e-05,7.064e-05,7.064e-05,0.0033112999999999997,46.87573354,7.064e-05
1502559300,7.064e-05,7.064e-05,7.064e-05,7.064e-05,0.0,0.0,7.064e-05
1502559600,7.064e-05,7.064e-05,7.064e-05,7.064e-05,0.00035319999999999997,5.0,7.064e-05
1502559900,7.097e-05,7.061e-05,7.064e-05,7.063e-05,0.10434081,1471.08887036,7.092e-05
1502560200,7.095e-05,7.064e-05,7.095e-05,7.064e-05,0.05817933,821.56179865,7.081000000000001e-05
1502560500,7.064e-05,7.05e-05,7.064e-05,7.064e-05,0.01930697,273.45461665,7.060000000000001e-05
1502560800,7.064e-05,7.064e-05,7.064e-05,7.064e-05,0.06388456,904.36816122,7.064e-05
1502561100,7.064e-05,7.064e-05,7.064e-05,7.064e-05,0.04848741,686.401674,7.064e-05
1502561400,7.057000000000001e-05,7.052e-05,7.056e-05,7.052e-05,0.07733029999999999,1096.2131996,7.054000000000001e-05
1502561700,7.064e-05,7.056e-05,7.056e-05,7.064e-05,0.01984643,281.21800058,7.057000000000001e-05
1502562000,7.083000000000001e-05,6.953000000000001e-05,7.083000000000001e-05,7.008e-05,1.91314928,27266.25405132,7.016e-05
1502562300,7.017000000000001e-05,6.965e-05,7.013000000000001e-05,6.965e-05,1.0009891,14318.72684588,6.99e-05
1502562600,7.000000000000001e-05,6.950000000000001e-05,7.000000000000001e-05,6.996000000000001e-05,0.17984889,2576.8260486,6.979000000000001e-05
1502562900,6.996000000000001e-05,6.959e-05,6.960000000000001e-05,6.996000000000001e-05,0.77537651,11132.2847173,6.965e-05
1502563200,6.999e-05,6.961e-05,6.996000000000001e-05,6.999e-05,0.34832396,5000.26940568,6.966000000000001e-05
1502563500,6.999e-05,6.973e-05,6.973e-05,6.999e-05,0.10886471,1555.81204748,6.997000000000001e-05
1502563800,6.999e-05,6.959e-05,6.999e-05,6.959e-05,0.14616656,2097.14677483,6.969e-05
1502564100,6.959e-05,6.959e-05,6.959e-05,6.959e-05,0.0,0.0,6.959e-05
1502564400,7.004e-05,6.999e-05,7.004e-05,6.999e-05,0.01289941,184.25784817,7.000000000000001e-05
1502564700,7.017000000000001e-05,6.963000000000001e-05,7.013000000000001e-05,6.963000000000001e-05,0.09640866000000001,1381.50467267,6.978e-05
1502565000,7.017000000000001e-05,6.966000000000001e-05,6.966000000000001e-05,7.017000000000001e-05,0.00350331,50.15142872,6.985e-05
1502565300,7.017000000000001e-05,7.017000000000001e-05,7.017000000000001e-05,7.017000000000001e-05,0.09999999,1425.11044605,7.017000000000001e-05
1502565600,7.017000000000001e-05,7.004e-05,7.017000000000001e-05,7.004e-05,0.48696161,6947.38401968,7.009000000000002e-05
1502565900,7.004e-05,7.004e-05,7.004e-05,7.004e-05,0.27415049999999996,3914.19913461,7.004e-05
1502566200,7.004e-05,7.000000000000001e-05,7.000000000000001e-05,7.000000000000001e-05,0.05935413,847.5448742,7.003e-05
1502566500,7.004e-05,6.92e-05,7.004e-05,7.003e-05,1.34686202,19343.5824646,6.962e-05
1502566800,7.003e-05,6.958000000000001e-05,7.003e-05,6.969e-05,0.03082996,441.31735395,6.985e-05
1502567100,6.969e-05,6.957e-05,6.969e-05,6.957e-05,0.02062728,296.15460657,6.965e-05
1502567400,7.004e-05,6.938e-05,6.944e-05,7.004e-05,0.57994133,8299.78250135,6.987000000000001e-05
1502567700,6.999e-05,6.999e-05,6.999e-05,6.999e-05,0.01028078,146.88941055,6.999e-05
1502568000,7.035e-05,6.999e-05,7.035e-05,6.999e-05,0.0008677800000000001,12.38846073,7.004e-05
1502568300,7.061e-05,7.008e-05,7.035e-05,7.025000000000001e-05,0.83335132,11819.77461001,7.05e-05
1502568600,7.109000000000001e-05,7.074e-05,7.074e-05,7.109000000000001e-05,0.07927517,1117.54802449,7.093e-05
1502568900,7.110000000000001e-05,7.109000000000001e-05,7.109000000000001e-05,7.110000000000001e-05,0.00913193,128.45173646,7.109000000000001e-05
1502569200,7.110000000000001e-05,7.110000000000001e-05,7.110000000000001e-05,7.110000000000001e-05,0.0,0.0,7.110000000000001e-05
1502569500,7.110000000000001e-05,7.105e-05,7.105e-05,7.105e-05,0.00632415,89.0,7.105e-05
1502569800,7.146000000000001e-05,7.086000000000001e-05,7.1e-05,7.146000000000001e-05,0.15279997,2142.76704511,7.13e-05
1502570100,7.146000000000001e-05,7.146000000000001e-05,7.146000000000001e-05,7.146000000000001e-05,0.03452942,483.19936709,7.146000000000001e-05
1502570400,7.147e-05,7.1e-05,7.1e-05,7.147e-05,0.15032181,2106.38561515,7.136000000000001e-05
1502570700,7.16e-05,7.15e-05,7.15e-05,7.16e-05,1.19732118,16723.55207417,7.159e-05
1502571000,7.159e-05,7.159e-05,7.159e-05,7.159e-05,0.00010099000000000001,1.41081156,7.159e-05
1502571300,7.206000000000001e-05,7.159e-05,7.159e-05,7.206000000000001e-05,0.8805190900000001,12227.40492568,7.201e-05
1502571600,7.217000000000001e-05,7.206000000000001e-05,7.206000000000001e-05,7.217000000000001e-05,0.22287301,3092.19474,7.207e-05
1502571900,7.227000000000001e-05,7.227000000000001e-05,7.227000000000001e-05,7.227000000000001e-05,0.01429121,197.74752663,7.227000000000001e-05
1502572200,7.267000000000001e-05,7.219000000000001e-05,7.227000000000001e-05,7.219000000000001e-05,1.24197485,17146.66979498,7.243000000000001e-05
1502572500,7.286e-05,7.165000000000001e-05,7.219000000000001e-05,7.279e-05,0.30421607,4207.16480368,7.230000000000001e-05
1502572800,7.308e-05,7.286e-05,7.287e-05,7.308e-05,0.27525009,3767.2050884,7.306000000000001e-05
1502573100,7.312e-05,7.308e-05,7.308e-05,7.312e-05,0.0117415,160.61171907,7.31e-05
1502573400,7.383e-05,7.312e-05,7.312e-05,7.383e-05,0.10980259,1497.22636385,7.333e-05
1502573700,7.405000000000001e-05,7.396e-05,7.396e-05,7.400000000000001e-05,0.36971616,4996.79540848,7.399e-05
1502574000,7.432e-05,7.278e-05,7.366e-05,7.396e-05,0.21020783,2869.62016591,7.325e-05
1502574300,7.400000000000001e-05,7.355000000000001e-05,7.396e-05,7.355000000000001e-05,0.18360755,2481.3564385,7.399e-05
1502574600,7.356000000000001e-05,7.356000000000001e-05,7.356000000000001e-05,7.356000000000001e-05,0.01171443,159.25004083,7.356000000000001e-05
1502574900,7.395e-05,7.395e-05,7.395e-05,7.395e-05,0.00030000000000000003,4.05679514,7.395e-05
1502575200,7.356000000000001e-05,7.356000000000001e-05,7.356000000000001e-05,7.356000000000001e-05,0.0018321,24.9062138,7.356000000000001e-05
1502575500,7.356000000000001e-05,7.356000000000001e-05,7.356000000000001e-05,7.356000000000001e-05,0.0,0.0,7.356000000000001e-05
1502575800,7.387000000000001e-05,7.355000000000001e-05,7.356000000000001e-05,7.355000000000001e-05,0.0174853,237.52111038,7.361000000000001e-05
1502576100,7.35e-05,7.283e-05,7.321e-05,7.35e-05,0.02531632,345.93440133,7.318e-05
1502576400,7.355000000000001e-05,7.35e-05,7.351e-05,7.35e-05,0.21775756000000002,2962.61807285,7.35e-05
1502576700,7.38e-05,7.38e-05,7.38e-05,7.38e-05,0.01476,200.0,7.38e-05
1502577000,7.383e-05,7.187000000000001e-05,7.383e-05,7.187000000000001e-05,0.34010696,4707.23947846,7.225000000000001e-05
1502577300,7.312e-05,7.172e-05,7.312e-05,7.172e-05,0.25933102,3592.89740172,7.217000000000001e-05
1502577600,7.231e-05,7.231e-05,7.231e-05,7.231e-05,0.02634698,364.36157583,7.231e-05
1502577900,7.231e-05,7.231e-05,7.231e-05,7.231e-05,0.0,0.0,7.231e-05
1502578200,7.231e-05,7.231e-05,7.231e-05,7.231e-05,0.0,0.0,7.231e-05
1502578500,7.231e-05,7.231e-05,7.231e-05,7.231e-05,0.00887641,122.75508228,7.231e-05
1502578800,7.189e-05,7.189e-05,7.189e-05,7.189e-05,0.00014999,2.08652107,7.189e-05
1502579100,7.188000000000001e-05,7.181e-05,7.188000000000001e-05,7.188000000000001e-05,0.22356489999999998,3110.28102915,7.187000000000001e-05
1502579400,7.189e-05,7.188000000000001e-05,7.188000000000001e-05,7.189e-05,0.03140834,436.90835692,7.188000000000001e-05
1502579700,7.201e-05,7.085e-05,7.2e-05,7.201e-05,1.1770150400000001,16443.38112205,7.157000000000001e-05
1502580000,7.225000000000001e-05,7.187000000000001e-05,7.225000000000001e-05,7.187000000000001e-05,0.00467139,64.73353554,7.216000000000001e-05
1502580300,7.381000000000001e-05,7.228e-05,7.228e-05,7.38e-05,0.86713151,11811.36027762,7.341e-05
1502580600,7.365000000000001e-05,7.360000000000001e-05,7.360000000000001e-05,7.361000000000001e-05,0.17754364,2412.2538557,7.360000000000001e-05
1502580900,7.38e-05,7.364e-05,7.364e-05,7.38e-05,0.02595979,351.79898848,7.379e-05
1502581200,7.396e-05,7.394000000000001e-05,7.394000000000001e-05,7.396e-05,0.04909202,663.89323563,7.394000000000001e-05
1502581500,7.452000000000001e-05,7.397000000000001e-05,7.397000000000001e-05,7.410000000000001e-05,0.057676660000000005,775.42257748,7.438e-05
1502581800,7.410000000000001e-05,7.410000000000001e-05,7.410000000000001e-05,7.410000000000001e-05,0.0,0.0,7.410000000000001e-05
1502582100,7.456e-05,7.395e-05,7.448e-05,7.395e-05,0.11057396,1488.4829874,7.428e-05
1502582400,7.421000000000001e-05,7.400000000000001e-05,7.402000000000001e-05,7.421000000000001e-05,0.09992362,1349.9225236,7.402000000000001e-05
1502582700,7.423000000000001e-05,7.400000000000001e-05,7.422e-05,7.400000000000001e-05,0.10807217000000001,1456.21339563,7.421000000000001e-05
1502583000,7.400000000000001e-05,7.400000000000001e-05,7.400000000000001e-05,7.400000000000001e-05,0.0,0.0,7.400000000000001e-05
1502583300,7.395e-05,7.360000000000001e-05,7.395e-05,7.360000000000001e-05,0.5558776,7551.467,7.361000000000001e-05
1502583600,7.361000000000001e-05,7.360000000000001e-05,7.361000000000001e-05,7.361000000000001e-05,0.3365052,4572.05971994,7.360000000000001e-05
1502583900,7.400000000000001e-05,7.360000000000001e-05,7.400000000000001e-05,7.360000000000001e-05,0.50749244,6895.091,7.360000000000001e-05
1502584200,7.360000000000001e-05,7.360000000000001e-05,7.360000000000001e-05,7.360000000000001e-05,0.04818977,654.7523403,7.360000000000001e-05
1502584500,7.353000000000001e-05,7.254000000000001e-05,7.353000000000001e-05,7.254000000000001e-05,0.05675907,779.16534049,7.284e-05
1502584800,7.232000000000001e-05,7.155e-05,7.232000000000001e-05,7.155e-05,0.03666763,511.07351428,7.174000000000001e-05
1502585100,7.165000000000001e-05,7.155e-05,7.165000000000001e-05,7.155e-05,0.02671094,373.09718131,7.159e-05
1502585400,7.152e-05,7.1e-05,7.152e-05,7.1e-05,0.12519808,1762.84540292,7.102000000000001e-05
1502585700,7.087e-05,7.085e-05,7.087e-05,7.085e-05,0.030498599999999997,430.44340787,7.085e-05
1502586000,7.085e-05,7.04e-05,7.085e-05,7.044e-05,0.08829465,1250.28158416,7.061e-05
1502586300,7.045e-05,7.007e-05,7.045e-05,7.039000000000001e-05,0.23030162,3270.08305496,7.042000000000001e-05
1502586600,7.007e-05,7.005000000000001e-05,7.007e-05,7.005000000000001e-05,0.13379935,1910.03794091,7.005000000000001e-05
1502586900,7.001000000000002e-05,7.001000000000002e-05,7.001000000000002e-05,7.001000000000002e-05,0.00667978,95.41188588,7.001000000000002e-05
1502587200,7.000000000000001e-05,6.928e-05,7.000000000000001e-05,6.928e-05,0.11514897,1653.710184,6.963000000000001e-05
1502587500,6.989000000000001e-05,6.928e-05,6.989000000000001e-05,6.928e-05,0.07787831,1122.85413579,6.935e-05
1502587800,6.927e-05,6.92e-05,6.927e-05,6.92e-05,0.70655962,10201.5969484,6.925e-05
1502588100,6.921000000000001e-05,6.92e-05,6.92e-05,6.92e-05,0.06326514,914.23597458,6.92e-05
1502588400,6.92e-05,6.92e-05,6.92e-05,6.92e-05,0.0,0.0,6.92e-05
1502588700,6.92e-05,6.900000000000001e-05,6.92e-05,6.900000000000001e-05,0.46851719999999997,6777.10723087,6.913000000000001e-05
1502589000,6.900000000000001e-05,6.854e-05,6.900000000000001e-05,6.854e-05,0.41506151,6042.53717123,6.868000000000001e-05
1502589300,6.898000000000001e-05,6.854e-05,6.893e-05,6.854e-05,0.55768329,8114.64805379,6.872e-05
1502589600,6.855000000000001e-05,6.854e-05,6.854e-05,6.854e-05,0.16742175,2442.68542479,6.854e-05
1502589900,6.854e-05,6.828e-05,6.854e-05,6.828e-05,1.07113546,15647.93891467,6.845e-05
1502590200,6.821e-05,6.810000000000002e-05,6.821e-05,6.810000000000002e-05,0.06918579,1015.02960001,6.816e-05
1502590500,6.815e-05,6.807e-05,6.815e-05,6.807e-05,0.10956798,1608.89309048,6.810000000000002e-05
1502590800,6.8e-05,6.785000000000001e-05,6.8e-05,6.795e-05,0.01049911,154.55452118,6.793000000000001e-05
1502591100,6.785000000000001e-05,6.601e-05,6.785000000000001e-05,6.669000000000001e-05,1.23868605,18511.70022904,6.691000000000001e-05
1502591400,6.65e-05,6.596000000000001e-05,6.65e-05,6.596000000000001e-05,0.11610044,1755.70572365,6.612000000000001e-05
1502591700,6.612000000000001e-05,6.562000000000001e-05,6.577e-05,6.562000000000001e-05,0.15035481,2286.98304258,6.574e-05
1502592000,6.606e-05,6.561e-05,6.606e-05,6.561e-05,0.19520395000000001,2964.307694,6.585e-05
1502592300,6.562000000000001e-05,6.562000000000001e-05,6.562000000000001e-05,6.562000000000001e-05,0.00276371,42.11691247,6.562000000000001e-05
1502592600,6.610000000000001e-05,6.608e-05,6.610000000000001e-05,6.608e-05,0.02308882,349.40655055,6.608e-05
1502592900,6.561e-05,6.55e-05,6.561e-05,6.55e-05,0.28335479999999996,4324.39164659,6.552e-05
1502593200,6.55e-05,6.55e-05,6.55e-05,6.55e-05,0.02392012,365.19271755,6.55e-05
1502593500,6.598e-05,6.54e-05,6.581e-05,6.54e-05,0.49673814,7581.59733493,6.551e-05
1502593800,6.555000000000001e-05,6.51e-05,6.555000000000001e-05,6.51e-05,0.29274997,4492.47388815,6.516e-05
1502594100,6.51e-05,6.500000000000001e-05,6.51e-05,6.500000000000001e-05,0.2693981,4139.81069921,6.507e-05
1502594400,6.500000000000001e-05,6.428e-05,6.500000000000001e-05,6.428e-05,0.09572675,1483.74143612,6.451e-05
1502594700,6.431e-05,6.400000000000001e-05,6.425e-05,6.431e-05,0.25347495000000003,3947.09477668,6.421000000000001e-05
1502595000,6.417e-05,6.400000000000001e-05,6.417e-05,6.411e-05,0.2522493,3940.20848495,6.401e-05
1502595300,6.401e-05,6.242e-05,6.401e-05,6.257e-05,0.66052113,10441.05457053,6.326e-05
1502595600,6.269000000000001e-05,6.268e-05,6.269000000000001e-05,6.269000000000001e-05,0.11015341000000001,1757.26217579,6.268e-05
1502595900,6.371000000000001e-05,6.254e-05,6.269000000000001e-05,6.325e-05,0.99426455,15755.92278522,6.31e-05
1502596200,6.325e-05,6.251000000000001e-05,6.325e-05,6.323e-05,0.33197393000000003,5274.32693849,6.294e-05
1502596500,6.382e-05,6.323e-05,6.324e-05,6.353e-05,0.27384409,4302.63257268,6.364000000000001e-05
1502596800,6.326e-05,6.326e-05,6.326e-05,6.326e-05,0.00863237,136.4587417,6.326e-05
1502597100,6.389000000000001e-05,6.290000000000001e-05,6.359e-05,6.389000000000001e-05,0.15114675,2378.60304739,6.354e-05
1502597400,6.407e-05,6.367e-05,6.369000000000001e-05,6.407e-05,0.01596369,250.51336582,6.372e-05
1502597700,6.410000000000001e-05,6.368000000000001e-05,6.407e-05,6.368000000000001e-05,0.8273077600000001,12925.53175879,6.400000000000001e-05
1502598000,6.365e-05,6.289e-05,6.365e-05,6.289e-05,0.11071373,1741.40363597,6.357e-05
1502598300,6.322000000000001e-05,6.288000000000001e-05,6.289e-05,6.321e-05,0.0849103,1347.76801917,6.3e-05
1502598600,6.323e-05,6.298000000000001e-05,6.323e-05,6.298000000000001e-05,0.013315770000000001,211.09776506,6.307e-05
1502598900,6.366e-05,6.315e-05,6.315e-05,6.366e-05,0.30128308,4733.38429615,6.365e-05
1502599200,6.367e-05,6.367e-05,6.367e-05,6.367e-05,1.02193006,16050.41730799,6.367e-05
1502599500,6.367e-05,6.366e-05,6.367e-05,6.367e-05,0.21749016000000002,3415.99528587,6.366e-05
1502599800,6.368000000000001e-05,6.368000000000001e-05,6.368000000000001e-05,6.368000000000001e-05,0.33201293,5213.77103045,6.368000000000001e-05
1502600100,6.368000000000001e-05,6.365e-05,6.368000000000001e-05,6.368000000000001e-05,0.33458246,5255.094282,6.366e-05
1502600400,6.368000000000001e-05,6.368000000000001e-05,6.368000000000001e-05,6.368000000000001e-05,0.28104667,4413.4214125,6.368000000000001e-05
1502600700,6.368000000000001e-05,6.325e-05,6.368000000000001e-05,6.325e-05,0.47721404,7496.32061376,6.365e-05
1502601000,6.368000000000001e-05,6.325e-05,6.367e-05,6.368000000000001e-05,1.33131293,20939.80225563,6.357e-05
1502601300,6.367e-05,6.367e-05,6.367e-05,6.367e-05,0.13593574,2135.00464684,6.367e-05
1502601600,6.368000000000001e-05,6.367e-05,6.368000000000001e-05,6.367e-05,0.07163644,1125.0485727,6.367e-05
1502601900,6.368000000000001e-05,6.366e-05,6.366e-05,6.368000000000001e-05,0.55979136,8790.74316083,6.367e-05
1502602200,6.368000000000001e-05,6.25e-05,6.367e-05,6.25e-05,0.50656484,8007.34171182,6.326e-05
1502602500,6.302e-05,6.251000000000001e-05,6.302e-05,6.262000000000001e-05,0.27063192,4324.35650117,6.258e-05
1502602800,6.32e-05,6.262000000000001e-05,6.262000000000001e-05,6.266e-05,0.3098885,4905.75479146,6.316e-05
1502603100,6.266e-05,6.253000000000001e-05,6.265e-05,6.265e-05,0.30470207,4869.03276397,6.257e-05
1502603400,6.265e-05,6.264000000000001e-05,6.265e-05,6.264000000000001e-05,0.02402521,383.49144865,6.264000000000001e-05
1502603700,6.266e-05,6.264000000000001e-05,6.264000000000001e-05,6.266e-05,0.27336798,4362.78590837,6.265e-05
1502604000,6.265e-05,6.264000000000001e-05,6.265e-05,6.264000000000001e-05,0.12357167000000001,1972.65978093,6.264000000000001e-05
1502604300,6.264000000000001e-05,6.264000000000001e-05,6.264000000000001e-05,6.264000000000001e-05,0.041352799999999995,660.1660281,6.264000000000001e-05
1502604600,6.264000000000001e-05,6.251000000000001e-05,6.264000000000001e-05,6.251000000000001e-05,0.15116849000000002,2417.10707172,6.254e-05
1502604900,6.253000000000001e-05,6.215e-05,6.253000000000001e-05,6.216e-05,1.50558835,24140.36366116,6.236e-05
1502605200,6.216e-05,6.204000000000001e-05,6.204000000000001e-05,6.216e-05,0.39714623,6400.03713245,6.205e-05
1502605500,6.251000000000001e-05,6.206000000000001e-05,6.206000000000001e-05,6.251000000000001e-05,0.0037834500000000003,60.59745847,6.243000000000001e-05
1502605800,6.251000000000001e-05,6.251000000000001e-05,6.251000000000001e-05,6.251000000000001e-05,0.0138093,220.9135782,6.251000000000001e-05
1502606100,6.214000000000001e-05,6.211000000000001e-05,6.214000000000001e-05,6.211000000000001e-05,0.00509716,82.05122328,6.212000000000001e-05
1502606400,6.211000000000001e-05,6.211000000000001e-05,6.211000000000001e-05,6.211000000000001e-05,0.009022230000000001,145.26217,6.211000000000001e-05
1502606700,6.214000000000001e-05,6.205e-05,6.205e-05,6.214000000000001e-05,0.07543699,1214.57387387,6.21e-05
1502607000,6.25e-05,6.246000000000001e-05,6.246000000000001e-05,6.25e-05,0.00232679,37.2303525,6.249e-05
1502607300,6.251000000000001e-05,6.246000000000001e-05,6.25e-05,6.246000000000001e-05,0.0544242,870.71587777,6.25e-05
1502607600,6.25e-05,6.171e-05,6.246000000000001e-05,6.171e-05,0.5371832,8663.28644514,6.2e-05
1502607900,6.234e-05,6.171e-05,6.171e-05,6.229e-05,0.11381495,1831.98272368,6.212000000000001e-05
1502608200,6.188e-05,6.184e-05,6.184e-05,6.186000000000001e-05,0.24468131,3955.35029984,6.186000000000001e-05
1502608500,6.186000000000001e-05,6.057000000000001e-05,6.185e-05,6.147e-05,2.37262772,38654.87263765,6.137e-05
1502608800,6.146e-05,6.080000000000001e-05,6.114e-05,6.101000000000001e-05,0.08571189,1399.23992447,6.125000000000001e-05
1502609100,6.110000000000001e-05,5.935000000000001e-05,6.109e-05,5.975e-05,6.35636932,106106.79495969,5.9900000000000006e-05
1502609400,5.974000000000001e-05,5.9130000000000005e-05,5.9250000000000004e-05,5.9600000000000005e-05,1.0691303,18035.52843966,5.927e-05
1502609700,5.954e-05,5.922e-05,5.924000000000001e-05,5.940000000000001e-05,0.10309099000000001,1738.22906525,5.9300000000000005e-05
1502610000,5.940000000000001e-05,5.836000000000001e-05,5.940000000000001e-05,5.9090000000000005e-05,0.28214306,4773.24944443,5.910000000000001e-05
1502610300,5.9090000000000005e-05,5.8660000000000004e-05,5.9090000000000005e-05,5.907e-05,0.08257335,1398.99060103,5.902000000000001e-05
1502610600,5.911e-05,5.908000000000001e-05,5.908000000000001e-05,5.911e-05,0.01914113,323.83277999,5.910000000000001e-05
1502610900,5.912e-05,5.911e-05,5.911e-05,5.912e-05,0.01582959,267.79867565,5.911e-05
1502611200,5.9560000000000006e-05,5.910000000000001e-05,5.945000000000001e-05,5.945000000000001e-05,0.08876667,1499.61672164,5.919000000000001e-05
1502611500,6.0270000000000004e-05,5.967e-05,5.967e-05,6.000000000000001e-05,0.20439469000000002,3395.03055486,6.02e-05
1502611800,6.034e-05,5.9130000000000005e-05,5.949e-05,6.000000000000001e-05,0.30204987,5014.0775317,6.0240000000000006e-05
1502612100,5.992e-05,5.751000000000001e-05,5.988e-05,5.944000000000001e-05,5.14591061,89232.24822324,5.766000000000001e-05
1502612400,5.911e-05,5.7900000000000005e-05,5.911e-05,5.869e-05,0.0923339,1577.21058365,5.8540000000000005e-05
1502612700,6.0020000000000005e-05,5.869e-05,5.8700000000000004e-05,6.0020000000000005e-05,0.25388821,4299.09694805,5.9050000000000006e-05
1502613000,6.02e-05,5.814e-05,5.9770000000000005e-05,6.0030000000000006e-05,0.33938684,5762.34492082,5.889000000000001e-05
1502613300,5.9980000000000005e-05,5.814e-05,5.9980000000000005e-05,5.844000000000001e-05,0.06244663,1069.55962808,5.838000000000001e-05
1502613600,5.814e-05,5.8e-05,5.8120000000000006e-05,5.8e-05,0.45528994,7846.64427369,5.8020000000000004e-05
1502613900,5.843e-05,5.801000000000001e-05,5.843e-05,5.8080000000000006e-05,0.043183,742.47830454,5.8160000000000006e-05
1502614200,5.8250000000000006e-05,5.714000000000001e-05,5.8080000000000006e-05,5.778000000000001e-05,0.7642151500000001,13282.20995131,5.7530000000000007e-05
1502614500,5.810000000000001e-05,5.805e-05,5.805e-05,5.810000000000001e-05,0.01819018,313.21426096,5.807000000000001e-05
1502614800,5.839000000000001e-05,5.797e-05,5.838000000000001e-05,5.797e-05,0.28535427,4906.50705524,5.815000000000001e-05
1502615100,5.8620000000000005e-05,5.835e-05,5.8370000000000005e-05,5.8620000000000005e-05,0.04620798,789.75392014,5.85e-05
1502615400,5.889000000000001e-05,5.8620000000000005e-05,5.8620000000000005e-05,5.889000000000001e-05,0.040994050000000004,698.847838,5.865000000000001e-05
1502615700,5.911e-05,5.843e-05,5.889000000000001e-05,5.843e-05,0.54192864,9219.80330864,5.877e-05
1502616000,5.843e-05,5.842e-05,5.842e-05,5.843e-05,0.01296677,221.93736882,5.842e-05
1502616300,5.8370000000000005e-05,5.809000000000001e-05,5.835e-05,5.809000000000001e-05,0.02204155,377.77815512,5.834e-05
1502616600,5.936000000000001e-05,5.815000000000001e-05,5.815000000000001e-05,5.936000000000001e-05,0.0893648,1527.89800007,5.848e-05
1502616900,5.940000000000001e-05,5.906e-05,5.906e-05,5.936000000000001e-05,0.53653534,9063.94150983,5.919000000000001e-05
1502617200,5.9810000000000005e-05,5.921000000000001e-05,5.921000000000001e-05,5.9810000000000005e-05,1.44405934,24187.24938408,5.97e-05
1502617500,6.0230000000000004e-05,5.9810000000000005e-05,5.9810000000000005e-05,6.0230000000000004e-05,1.92303655,32089.77211598,5.992e-05
1502617800,6.0700000000000005e-05,5.982000000000001e-05,6.0230000000000004e-05,6.0700000000000005e-05,0.81691875,13468.29033718,6.065000000000001e-05
1502618100,6.18e-05,6.0740000000000005e-05,6.0740000000000005e-05,6.18e-05,0.24368894,3997.88890778,6.0950000000000004e-05
1502618400,6.208e-05,6.108e-05,6.182000000000001e-05,6.108e-05,1.20333823,19389.02692602,6.206000000000001e-05
1502618700,6.201e-05,6.0910000000000005e-05,6.0910000000000005e-05,6.201e-05,0.0063478200000000005,103.76551016,6.117e-05
1502619000,6.203000000000001e-05,6.176e-05,6.176e-05,6.195e-05,0.98008061,15809.99665863,6.199000000000001e-05
1502619300,6.2e-05,6.176e-05,6.181e-05,6.176e-05,0.27377712,4426.96597226,6.184e-05
1502619600,6.203000000000001e-05,6.108e-05,6.173000000000001e-05,6.108e-05,0.28803276,4674.73727585,6.161e-05
1502619900,6.118000000000001e-05,6.021e-05,6.0950000000000004e-05,6.118000000000001e-05,1.15052925,18957.33982509,6.069e-05
1502620200,6.174000000000002e-05,6.107000000000001e-05,6.107000000000001e-05,6.174000000000002e-05,0.79408064,12990.42031887,6.112000000000001e-05
1502620500,6.183000000000001e-05,6.162000000000001e-05,6.175e-05,6.182000000000001e-05,0.0212692,344.12265922,6.18e-05
1502620800,6.188e-05,6.118000000000001e-05,6.188e-05,6.118000000000001e-05,0.08332278,1361.05505744,6.121e-05
1502621100,6.175e-05,6.168e-05,6.168e-05,6.175e-05,0.01062296,172.04332,6.174000000000002e-05
1502621400,6.126e-05,5.7350000000000005e-05,6.125000000000001e-05,6.118000000000001e-05,4.15460116,71323.53599437,5.8250000000000006e-05
1502621700,6.0740000000000005e-05,5.818e-05,6.0740000000000005e-05,5.999e-05,1.36521685,23285.05395835,5.863e-05
1502622000,5.972e-05,5.914e-05,5.972e-05,5.944000000000001e-05,0.36295831,6119.89912596,5.9300000000000005e-05
1502622300,5.943e-05,5.914e-05,5.914e-05,5.923000000000001e-05,0.06010482,1015.10921814,5.921000000000001e-05
1502622600,5.972e-05,5.921000000000001e-05,5.923000000000001e-05,5.972e-05,1.14263899,19213.77879805,5.946e-05
1502622900,6.0270000000000004e-05,5.949e-05,6.005e-05,6.018e-05,0.60946269,10132.82566219,6.014000000000001e-05
1502623200,6.098e-05,6.012e-05,6.017000000000001e-05,6.012e-05,1.34628394,22130.67370274,6.0830000000000005e-05
1502623500,6.064e-05,5.97e-05,6.064e-05,5.97e-05,1.18606761,19826.61401557,5.982000000000001e-05
1502623800,6.0370000000000006e-05,5.9690000000000006e-05,5.9690000000000006e-05,6.0370000000000006e-05,0.41542857,6956.23980436,5.972e-05
1502624100,6.097000000000001e-05,6.036e-05,6.036e-05,6.0950000000000004e-05,0.10155794,1666.70976981,6.093000000000001e-05
1502624400,6.036e-05,5.7100000000000006e-05,6.036e-05,5.868000000000001e-05,17.09207743,296155.96454536,5.771e-05
1502624700,5.8960000000000005e-05,5.8250000000000006e-05,5.8670000000000006e-05,5.8960000000000005e-05,1.3776895200000001,23453.41043334,5.8740000000000003e-05
1502625000,6.000000000000001e-05,5.8800000000000006e-05,5.8960000000000005e-05,5.985000000000001e-05,5.57794205,93393.94582732,5.972e-05
1502625300,6.0960000000000006e-05,5.9690000000000006e-05,5.985000000000001e-05,6.0960000000000006e-05,4.36881689,72977.03137213,5.986e-05
1502625600,6.0950000000000004e-05,6.0660000000000005e-05,6.068e-05,6.080000000000001e-05,0.70333196,11567.26614093,6.080000000000001e-05
1502625900,6.0820000000000004e-05,6.051000000000001e-05,6.0820000000000004e-05,6.0820000000000004e-05,0.0032164,53.05255329,6.0620000000000006e-05
1502626200,6.0960000000000006e-05,6.036e-05,6.080000000000001e-05,6.0960000000000006e-05,0.04495361,740.49325097,6.0700000000000005e-05
1502626500,6.0960000000000006e-05,6.042e-05,6.042e-05,6.0960000000000006e-05,0.00453137,74.82621648,6.055e-05
1502626800,6.0960000000000006e-05,6.089000000000001e-05,6.089000000000001e-05,6.0960000000000006e-05,0.31453745,5159.90459558,6.0950000000000004e-05
1502627100,6.1e-05,6.0480000000000004e-05,6.09e-05,6.0480000000000004e-05,0.25861506,4245.01510665,6.092e-05
1502627400,6.203000000000001e-05,6.056e-05,6.063e-05,6.171e-05,1.25284953,20370.41017698,6.15e-05
1502627700,6.243000000000001e-05,6.170000000000001e-05,6.170000000000001e-05,6.230000000000001e-05,1.35428262,21730.68606373,6.232000000000001e-05
1502628000,6.25e-05,6.169e-05,6.225e-05,6.177e-05,0.26415556,4259.1962101,6.202e-05
1502628300,6.251000000000001e-05,6.177e-05,6.239e-05,6.240000000000001e-05,0.17994851,2899.89964678,6.205e-05
1502628600,6.253000000000001e-05,6.239e-05,6.239e-05,6.253000000000001e-05,0.9306949600000001,14890.98699762,6.25e-05
1502628900,6.282000000000001e-05,6.253000000000001e-05,6.253000000000001e-05,6.282000000000001e-05,1.8043027,28813.03951883,6.262000000000001e-05
1502629200,6.398000000000001e-05,6.277000000000001e-05,6.282000000000001e-05,6.398000000000001e-05,3.48045926,54495.67874276,6.386e-05
1502629500,6.400000000000001e-05,6.32e-05,6.379e-05,6.400000000000001e-05,0.23000024,3614.87046724,6.362e-05
1502629800,6.400000000000001e-05,6.209e-05,6.400000000000001e-05,6.390000000000001e-05,2.09452517,33383.08900094,6.274e-05
1502630100,6.427e-05,6.3e-05,6.376000000000001e-05,6.3e-05,1.7775088,27889.80835253,6.373e-05
1502630400,6.393e-05,6.376000000000001e-05,6.376000000000001e-05,6.393e-05,0.0128966,201.73474215,6.392000000000001e-05
1502630700,6.393e-05,6.393e-05,6.393e-05,6.393e-05,0.0,0.0,6.393e-05
1502631000,6.375e-05,6.340000000000001e-05,6.340000000000001e-05,6.375e-05,0.01091403,172.13602741,6.340000000000001e-05
1502631300,6.390000000000001e-05,6.382e-05,6.382e-05,6.390000000000001e-05,0.17218051,2697.6581832,6.382e-05
1502631600,6.377000000000001e-05,6.314000000000001e-05,6.377000000000001e-05,6.314000000000001e-05,0.38594671,6106.47381893,6.32e-05
1502631900,6.314000000000001e-05,6.314000000000001e-05,6.314000000000001e-05,6.314000000000001e-05,0.0,0.0,6.314000000000001e-05
1502632200,6.309000000000001e-05,6.305e-05,6.308e-05,6.305e-05,0.0822292,1303.84120764,6.306000000000001e-05
1502632500,6.304e-05,6.234e-05,6.304e-05,6.234e-05,0.00098639,15.75638093,6.26e-05
1502632800,6.234e-05,6.204000000000001e-05,6.233000000000001e-05,6.204000000000001e-05,0.00818662,131.35037564,6.232000000000001e-05
1502633100,6.204000000000001e-05,6.204000000000001e-05,6.204000000000001e-05,6.204000000000001e-05,0.0022555500000000003,36.35638298,6.204000000000001e-05
1502633400,6.268e-05,6.203000000000001e-05,6.203000000000001e-05,6.236e-05,0.16602083,2662.49879454,6.235000000000001e-05
1502633700,6.269000000000001e-05,6.235000000000001e-05,6.240000000000001e-05,6.235000000000001e-05,0.2338804,3743.01234781,6.248000000000001e-05
1502634000,6.236e-05,6.227000000000001e-05,6.236e-05,6.227000000000001e-05,0.12095236000000001,1939.84494989,6.235000000000001e-05
1502634300,6.224e-05,6.172e-05,6.201e-05,6.172e-05,0.22771688,3689.21844216,6.172e-05
1502634600,6.235000000000001e-05,6.199000000000001e-05,6.199000000000001e-05,6.235000000000001e-05,0.10857264,1746.89545889,6.215e-05
1502634900,6.235000000000001e-05,6.235000000000001e-05,6.235000000000001e-05,6.235000000000001e-05,0.25340094,4064.16905028,6.235000000000001e-05
1502635200,6.326e-05,6.234e-05,6.234e-05,6.326e-05,0.42436487,6774.28347794,6.264000000000001e-05
1502635500,6.339000000000001e-05,6.304e-05,6.304e-05,6.333e-05,0.04568328,721.31026818,6.333e-05
1502635800,6.351000000000001e-05,6.333e-05,6.35e-05,6.337e-05,0.42601909,6724.85074884,6.334e-05
1502636100,6.357e-05,6.337e-05,6.357e-05,6.357e-05,0.06695424,1053.24958078,6.356000000000001e-05
1502636400,6.479000000000001e-05,6.369000000000001e-05,6.369000000000001e-05,6.474000000000001e-05,5.02882977,77877.79989072,6.457e-05
1502636700,6.458000000000001e-05,6.426000000000001e-05,6.458000000000001e-05,6.426000000000001e-05,0.0039032100000000003,60.45905183,6.455000000000001e-05
1502637000,6.436e-05,6.436e-05,6.436e-05,6.436e-05,0.00383418,59.57404311,6.436e-05
1502637300,6.500000000000001e-05,6.436e-05,6.436e-05,6.500000000000001e-05,0.76036896,11727.06746338,6.483e-05
1502637600,6.620000000000001e-05,6.501e-05,6.502e-05,6.620000000000001e-05,0.83150652,12623.36268497,6.587e-05
1502637900,6.655e-05,6.437000000000001e-05,6.591000000000001e-05,6.513000000000001e-05,1.28843975,19782.26822309,6.513000000000001e-05
1502638200,6.516e-05,6.317e-05,6.515e-05,6.440000000000001e-05,1.08332693,16925.63645763,6.400000000000001e-05
1502638500,6.515e-05,6.427e-05,6.475e-05,6.515e-05,0.45624025,7038.25989678,6.482e-05
1502638800,6.529e-05,6.452e-05,6.512000000000001e-05,6.501e-05,0.48693505000000004,7485.58478885,6.504e-05
1502639100,6.59e-05,6.501e-05,6.501e-05,6.59e-05,0.09309925000000001,1430.07394365,6.51e-05
1502639400,6.59e-05,6.553e-05,6.59e-05,6.574e-05,0.02560386,389.47904662,6.573000000000001e-05
1502639700,6.555000000000001e-05,6.555000000000001e-05,6.555000000000001e-05,6.555000000000001e-05,0.00018363,2.801373,6.555000000000001e-05
1502640000,6.551e-05,6.528000000000001e-05,6.551e-05,6.528000000000001e-05,0.17631142,2700.3492704,6.529e-05
1502640300,6.516e-05,6.516e-05,6.516e-05,6.516e-05,0.00248043,38.06687875,6.516e-05
1502640600,6.528000000000001e-05,6.498e-05,6.498e-05,6.505000000000001e-05,0.1069464,1640.97882613,6.517000000000001e-05
1502640900,6.559e-05,6.499e-05,6.499e-05,6.559e-05,0.29570909,4532.34846195,6.524e-05
1502641200,6.718e-05,6.559e-05,6.559e-05,6.718e-05,0.7450143,11187.76874302,6.659e-05
1502641500,6.799e-05,6.658e-05,6.724000000000001e-05,6.799e-05,1.9045224699999999,28149.6552583,6.765e-05
1502641800,7.000000000000001e-05,6.706e-05,6.799e-05,6.938e-05,10.55865138,151734.38409837,6.958000000000001e-05
1502642100,7.000000000000001e-05,6.819000000000001e-05,6.887000000000001e-05,7.000000000000001e-05,5.14646815,73541.77315645,6.998e-05
1502642400,7.043e-05,6.977e-05,6.999e-05,7.043e-05,1.57273313,22438.32074011,7.009000000000002e-05
1502642700,7.282000000000001e-05,7.048e-05,7.048e-05,7.253000000000001e-05,1.79912371,24904.10772409,7.224000000000001e-05
1502643000,7.742e-05,7.253000000000001e-05,7.253000000000001e-05,7.322000000000001e-05,7.57894043,100577.01885031,7.535e-05
1502643300,7.527e-05,7.254000000000001e-05,7.322000000000001e-05,7.452000000000001e-05,6.86528129,93400.94486414,7.35e-05
1502643600,7.658000000000002e-05,7.401e-05,7.450000000000001e-05,7.528000000000001e-05,3.85332767,51157.2348754,7.532e-05
1502643900,7.646000000000001e-05,7.530000000000001e-05,7.605e-05,7.601000000000001e-05,8.73945007,115040.62435651,7.596000000000001e-05
1502644200,7.72e-05,7.601000000000001e-05,7.601000000000001e-05,7.72e-05,2.65471489,34586.1262769,7.675000000000001e-05
1502644500,7.72e-05,7.616e-05,7.72e-05,7.616e-05,2.10206428,27342.35732797,7.687000000000001e-05
1502644800,7.619e-05,7.155e-05,7.616e-05,7.213e-05,7.4690244,100602.66193938,7.424000000000001e-05
1502645100,7.226e-05,7.084e-05,7.226e-05,7.151e-05,0.67092935,9311.47910316,7.205e-05
1502645400,7.151e-05,6.934000000000001e-05,7.151e-05,6.937000000000001e-05,1.52910104,21865.70672457,6.993e-05
1502645700,6.933e-05,6.699000000000001e-05,6.929000000000001e-05,6.699000000000001e-05,2.77108257,40497.63081706,6.842e-05
1502646000,6.761000000000001e-05,6.699000000000001e-05,6.7e-05,6.761000000000001e-05,0.8926879400000001,13318.534529,6.702e-05
1502646300,6.876000000000001e-05,6.762e-05,6.762e-05,6.874e-05,0.81305974,11887.78162622,6.839000000000001e-05
1502646600,6.842e-05,6.763e-05,6.842e-05,6.777000000000001e-05,0.57564625,8496.70337178,6.774000000000001e-05
1502646900,6.848000000000001e-05,6.685000000000001e-05,6.8e-05,6.848000000000001e-05,0.8364016400000001,12374.90016231,6.758e-05
1502647200,6.997000000000001e-05,6.837e-05,6.837e-05,6.901e-05,0.67739337,9804.98932297,6.908000000000001e-05
1502647500,6.932000000000001e-05,6.919e-05,6.92e-05,6.931000000000001e-05,0.03634464,524.61587175,6.927e-05
1502647800,6.984000000000001e-05,6.913000000000001e-05,6.952000000000001e-05,6.913000000000001e-05,0.23705827000000002,3414.93797904,6.941e-05
1502648100,6.949e-05,6.900000000000001e-05,6.902000000000001e-05,6.900000000000001e-05,0.13294047,1919.073421,6.927e-05
1502648400,6.900000000000001e-05,6.900000000000001e-05,6.900000000000001e-05,6.900000000000001e-05,0.0,0.0,6.900000000000001e-05
1502648700,6.900000000000001e-05,6.837e-05,6.900000000000001e-05,6.879e-05,0.00906586,132.06497342,6.864000000000001e-05
1502649000,6.845e-05,6.7e-05,6.845e-05,6.798000000000001e-05,0.27154105,4035.33598807,6.729e-05
1502649300,6.834e-05,6.738e-05,6.738e-05,6.834e-05,0.05725807,842.69449966,6.794000000000002e-05
1502649600,6.834e-05,6.790000000000001e-05,6.834e-05,6.833e-05,0.08111145,1191.31772036,6.808e-05
1502649900,6.854e-05,6.801000000000001e-05,6.804e-05,6.854e-05,0.22555004,3314.43166002,6.805e-05
1502650200,6.874e-05,6.854e-05,6.854e-05,6.874e-05,0.00312247,45.47311269,6.866e-05
1502650500,6.879e-05,6.873000000000001e-05,6.877000000000001e-05,6.879e-05,0.0151766,220.69069603,6.876000000000001e-05
1502650800,6.873000000000001e-05,6.801000000000001e-05,6.873000000000001e-05,6.801000000000001e-05,0.29761161,4366.12861224,6.816e-05
1502651100,7.007e-05,6.802e-05,6.802e-05,6.988e-05,1.31784021,18888.28010799,6.977e-05
1502651400,7.011e-05,6.915e-05,7.011e-05,6.917e-05,0.12397095,1777.16297114,6.975e-05
1502651700,6.917e-05,6.917e-05,6.917e-05,6.917e-05,0.0,0.0,6.917e-05
1502652000,6.918000000000001e-05,6.836e-05,6.918000000000001e-05,6.890000000000001e-05,0.35094095000000003,5095.87950043,6.886e-05
1502652300,6.912e-05,6.883e-05,6.883e-05,6.911000000000001e-05,0.36382634,5271.41703778,6.901e-05
1502652600,6.874e-05,6.874e-05,6.874e-05,6.874e-05,0.01000072,145.48628791,6.874e-05
1502652900,6.88e-05,6.871000000000001e-05,6.871000000000001e-05,6.88e-05,0.14261792,2074.58917585,6.874e-05
1502653200,6.999e-05,6.873000000000001e-05,6.88e-05,6.998e-05,0.64705888,9279.28214002,6.973e-05
1502653500,7.000000000000001e-05,6.949e-05,6.998e-05,6.949e-05,0.63370264,9061.18018614,6.993e-05
1502653800,7.015e-05,6.949e-05,6.949e-05,7.015e-05,0.15468328,2222.90279496,6.958000000000001e-05
1502654100,7.015e-05,6.948e-05,7.015e-05,6.953000000000001e-05,0.05470164,786.04359309,6.959e-05
1502654400,6.981000000000001e-05,6.957e-05,6.957e-05,6.981000000000001e-05,1.40800138,20219.99514823,6.963000000000001e-05
1502654700,7.021000000000001e-05,6.963000000000001e-05,7.000000000000001e-05,7.021000000000001e-05,0.13073235,1870.30566639,6.989000000000001e-05
1502655000,7.336e-05,7.013000000000001e-05,7.021000000000001e-05,7.1e-05,2.77975367,38240.71533712,7.269000000000001e-05
1502655300,7.241e-05,7.103e-05,7.103e-05,7.241e-05,0.12506419,1736.07302984,7.203000000000001e-05
1502655600,7.274000000000001e-05,7.22e-05,7.253000000000001e-05,7.273e-05,0.47995259,6608.15677446,7.263e-05
1502655900,7.274000000000001e-05,7.223e-05,7.274000000000001e-05,7.223e-05,0.23278849999999998,3202.28712823,7.269000000000001e-05
1502656200,7.262e-05,7.2e-05,7.201e-05,7.2e-05,0.12050655,1672.15657478,7.206000000000001e-05
1502656500,7.336e-05,7.099000000000001e-05,7.201e-05,7.099000000000001e-05,2.47685398,34353.88026257,7.209e-05
1502656800,7.120000000000001e-05,7.114e-05,7.114e-05,7.120000000000001e-05,0.06140115,862.95060711,7.115000000000001e-05
1502657100,7.120000000000001e-05,6.944e-05,7.120000000000001e-05,7.036e-05,0.44109326,6255.84257487,7.05e-05
1502657400,7.120000000000001e-05,7.024e-05,7.059000000000001e-05,7.04e-05,0.17784869,2508.36818815,7.09e-05
1502657700,7.04e-05,7.04e-05,7.04e-05,7.04e-05,0.032695260000000004,464.42130682,7.04e-05
1502658000,7.036e-05,7.027e-05,7.027e-05,7.033000000000001e-05,0.05680661,807.60550357,7.033000000000001e-05
1502658300,7.030000000000001e-05,7.022e-05,7.030000000000001e-05,7.022e-05,0.0037458400000000003,53.31029473,7.026000000000001e-05
1502658600,7.001000000000002e-05,6.97e-05,7.001000000000002e-05,6.97e-05,0.21870714,3126.72053214,6.994e-05
1502658900,7.029e-05,6.759000000000001e-05,6.971000000000001e-05,6.759000000000001e-05,2.49218813,36455.25661704,6.836e-05
1502659200,6.865e-05,6.714000000000001e-05,6.758e-05,6.714000000000001e-05,0.51208827,7572.90777703,6.762e-05
1502659500,6.7e-05,6.677e-05,6.7e-05,6.677e-05,0.02842843,424.924368,6.690000000000001e-05
1502659800,6.677e-05,6.502e-05,6.677e-05,6.567000000000001e-05,5.87957327,89494.78561546,6.569e-05
1502660100,6.578000000000001e-05,6.537e-05,6.576000000000001e-05,6.545e-05,0.31285653,4775.24796075,6.551e-05
1502660400,6.539e-05,6.529e-05,6.529e-05,6.535e-05,0.10818139,1654.89974414,6.537e-05
1502660700,6.529e-05,6.488e-05,6.501e-05,6.488e-05,0.48435513,7427.17159024,6.521000000000001e-05
1502661000,6.49e-05,6.488e-05,6.49e-05,6.488e-05,0.18720461,2885.3607821,6.488e-05
1502661300,6.500000000000001e-05,6.48e-05,6.500000000000001e-05,6.48e-05,0.1805136,2782.07635337,6.488e-05
1502661600,6.48e-05,6.194e-05,6.475e-05,6.240000000000001e-05,0.8323638,13219.93612674,6.296000000000001e-05
1502661900,6.349e-05,6.271e-05,6.296000000000001e-05,6.344e-05,0.22480977,3545.89025664,6.340000000000001e-05
1502662200,6.38e-05,6.342e-05,6.345e-05,6.365e-05,0.33238715,5217.9634777,6.37e-05
1502662500,6.373e-05,6.339000000000001e-05,6.373e-05,6.339000000000001e-05,0.12132285,1912.47823814,6.343000000000001e-05
1502662800,6.339000000000001e-05,6.278e-05,6.339000000000001e-05,6.278e-05,0.26818501,4231.99826739,6.337e-05
1502663100,6.245e-05,6.178000000000001e-05,6.244e-05,6.178000000000001e-05,3.55506124,57330.34845208,6.201e-05
1502663400,6.174000000000002e-05,6.164e-05,6.174000000000002e-05,6.164e-05,0.66295351,10753.57684108,6.164e-05
1502663700,6.161e-05,6.159e-05,6.161e-05,6.159e-05,0.16803771,2728.30419209,6.159e-05
1502664000,6.239e-05,6.159e-05,6.159e-05,6.239e-05,0.77815346,12566.01464619,6.192e-05
1502664300,6.243000000000001e-05,6.228000000000001e-05,6.228000000000001e-05,6.243000000000001e-05,0.06782785,1087.50827788,6.236e-05
